"name";"tld";"cca2";"ccn3";"cca3";"currency";"callingCode";"capital";"altSpellings";"relevance";"region";"subregion";"nativeLanguage";"languages";"translations";"latlng";"demonym";"borders";"area"
"Afghanistan,Islamic Republic of Afghanistan,افغانستان,د افغانستان اسلامي جمهوریت";".af";"AF";"004";"AFG";"AFN";"93";"Kabul";"AF,Afġānistān";"0";"Asia";"Southern Asia";"pus";"Dari,Pashto,Turkmen";"Affganistan,Afghanistan,Afghanistan,Afganistan,Afghanistan,アフガニスタン,Afghanistan,Афганистан,Afganistán";"33,65";"Afghan";"IRN,PAK,TKM,UZB,TJK,CHN";"652230"
"Åland Islands,Åland Islands,Åland,Landskapet Åland";".ax";"AX";"248";"ALA";"EUR";"358";"Mariehamn";"AX,Aaland,Aland,Ahvenanmaa";"0";"Europe";"Northern Europe";"swe";"Swedish";"Åland,Åland,Ålandski otoci,Isole Aland,オーランド諸島,Ålandeilanden,Аландские острова,Alandia";"60.116667,19.9";"Ålandish";"";"1580"
"Albania,Republic of Albania,Shqipëria,Republika e Shqipërisë";".al";"AL";"008";"ALB";"ALL";"355";"Tirana";"AL,Shqipëri,Shqipëria,Shqipnia";"0";"Europe";"Southern Europe";"sqi";"Albanian";"Albania,Albanien,Albanie,Albanija,Albania,アルバニア,Albanië,Албания,Albania";"41,20";"Albanian";"MNE,GRC,MKD,KOS";"28748"
"Algeria,People's Democratic Republic of Algeria,الجزائر,الجمهورية الديمقراطية الشعبية الجزائرية";".dz,الجزائر.";"DZ";"012";"DZA";"DZD";"213";"Algiers";"DZ,Dzayer,Algérie";"0";"Africa";"Northern Africa";"ara";"Arabic";"Algeria,Algerien,Algérie,Alžir,Algeria,アルジェリア,Algerije,Алжир,Argelia";"28,3";"Algerian";"TUN,LBY,NER,ESH,MRT,MLI,MAR";"2381741"
"American Samoa,American Samoa,American Samoa,American Samoa";".as";"AS";"016";"ASM";"USD";"1684";"Pago Pago";"AS,Amerika Sāmoa,Amelika Sāmoa,Sāmoa Amelika";"0.5";"Oceania";"Polynesia";"eng";"English,Samoan";"Amerikanisch-Samoa,Samoa américaines,Američka Samoa,Samoa Americane,アメリカ領サモア,Amerikaans Samoa,Американское Самоа,Samoa Americana";"-14.33333333,-170";"American Samoan";"";"199"
"Andorra,Principality of Andorra,Andorra,Principat d'Andorra";".ad";"AD";"020";"AND";"EUR";"376";"Andorra la Vella";"AD,Principality of Andorra,Principat d'Andorra";"0.5";"Europe";"Southern Europe";"cat";"Catalan";"Andorra,Andorra,Andorre,Andora,Andorra,アンドラ,Andorra,Андорра,Andorra";"42.5,1.5";"Andorran";"FRA,ESP";"468"
"Angola,Republic of Angola,Angola,República de Angola";".ao";"AO";"024";"AGO";"AOA";"244";"Luanda";"AO,República de Angola,ʁɛpublika de an'ɡɔla";"0";"Africa";"Middle Africa";"por";"Portuguese";"Angola,Angola,Angola,Angola,Angola,アンゴラ,Angola,Ангола,Angola";"-12.5,18.5";"Angolan";"COG,COD,ZMB,NAM";"1246700"
"Anguilla,Anguilla,Anguilla,Anguilla";".ai";"AI";"660";"AIA";"XCD";"1264";"The Valley";"AI";"0.5";"Americas";"Caribbean";"eng";"English";"Anguilla,Anguilla,Angvila,Anguilla,アンギラ,Anguilla,Ангилья,Anguilla";"18.25,-63.16666666";"Anguillian";"";"91"
"Antarctica,Antarctica,";".aq";"AQ";"010";"ATA";"";"";"";"AQ";"0";"";"";"";"";"Antarctica,Antarktis,Antarctique,Antarktika,Antartide,南極,Antarctica,Антарктида,Antártida";"-90,0";"Antarctican";"";"14000000"
"Antigua and Barbuda,Antigua and Barbuda,Antigua and Barbuda,Antigua and Barbuda";".ag";"AG";"028";"ATG";"XCD";"1268";"Saint John's";"AG";"0.5";"Americas";"Caribbean";"eng";"English";"Antigwa a Barbiwda,Antigua und Barbuda,Antigua-et-Barbuda,Antigva i Barbuda,Antigua e Barbuda,アンティグア・バーブーダ,Antigua en Barbuda,Антигуа и Барбуда,Antigua y Barbuda";"17.05,-61.8";"Antiguan, Barbudan";"";"442"
"Argentina,Argentine Republic,Argentina,República Argentina";".ar";"AR";"032";"ARG";"ARS";"54";"Buenos Aires";"AR,Argentine Republic,República Argentina";"0";"Americas";"South America";"spa";"Guaraní,Spanish";"Ariannin,Argentinien,Argentine,Argentina,Argentina,アルゼンチン,Argentinië,Аргентина,Argentina";"-34,-64";"Argentinean";"BOL,BRA,CHL,PRY,URY";"2780400"
"Armenia,Republic of Armenia,Հայաստան,Հայաստանի Հանրապետություն";".am";"AM";"051";"ARM";"AMD";"374";"Yerevan";"AM,Hayastan,Republic of Armenia,Հայաստանի Հանրապետություն";"0";"Asia";"Western Asia";"hye";"Armenian,Russian";"Armenia,Armenien,Arménie,Armenija,Armenia,アルメニア,Armenië,Армения,Armenia";"40,45";"Armenian";"AZE,GEO,IRN,TUR";"29743"
"Aruba,Aruba,Aruba,Aruba";".aw";"AW";"533";"ABW";"AWG";"297";"Oranjestad";"AW";"0.5";"Americas";"Caribbean";"nld";"Dutch,Papiamento";"Aruba,Aruba,Aruba,Aruba,アルバ,Aruba,Аруба,Aruba";"12.5,-69.96666666";"Aruban";"";"180"
"Australia,Commonwealth of Australia,Australia,Commonwealth of Australia";".au";"AU";"036";"AUS";"AUD";"61";"Canberra";"AU";"1.5";"Oceania";"Australia and New Zealand";"eng";"English";"Awstralia,Australien,Australie,Australija,Australia,オーストラリア,Australië,Австралия,Australia";"-27,133";"Australian";"";"7692024"
"Austria,Republic of Austria,Österreich,Republik Österreich";".at";"AT";"040";"AUT";"EUR";"43";"Vienna";"AT,Österreich,Osterreich,Oesterreich";"0";"Europe";"Western Europe";"deu";"German";"Awstria,Österreich,Autriche,Austrija,Austria,オーストリア,Oostenrijk,Австрия,Austria";"47.33333333,13.33333333";"Austrian";"CZE,DEU,HUN,ITA,LIE,SVK,SVN,CHE";"83871"
"Azerbaijan,Republic of Azerbaijan,Azərbaycan,Azərbaycan Respublikası";".az";"AZ";"031";"AZE";"AZN";"994";"Baku";"AZ,Republic of Azerbaijan,Azərbaycan Respublikası";"0";"Asia";"Western Asia";"aze";"Azerbaijani,Armenian";"Aserbaijan,Aserbaidschan,Azerbaïdjan,Azerbajdžan,Azerbaijan,アゼルバイジャン,Azerbeidzjan,Азербайджан,Azerbaiyán";"40.5,47.5";"Azerbaijani";"ARM,GEO,IRN,RUS,TUR";"86600"
"Bahamas,Commonwealth of the Bahamas,Bahamas,Commonwealth of the Bahamas";".bs";"BS";"044";"BHS";"BSD";"1242";"Nassau";"BS,Commonwealth of the Bahamas";"0";"Americas";"Caribbean";"eng";"English";"Bahamas,Bahamas,Bahamas,Bahami,Bahamas,バハマ,Bahama’s,Багамские Острова,Bahamas";"24.25,-76";"Bahamian";"";"13943"
"Bahrain,Kingdom of Bahrain,‏البحرين,مملكة البحرين";".bh";"BH";"048";"BHR";"BHD";"973";"Manama";"BH,Kingdom of Bahrain,Mamlakat al-Baḥrayn";"0";"Asia";"Western Asia";"ara";"Arabic";"Bahrain,Bahrain,Bahreïn,Bahrein,Bahrein,バーレーン,Bahrein,Бахрейн,Bahrein";"26,50.55";"Bahraini";"";"765"
"Bangladesh,People's Republic of Bangladesh,Bangladesh,বাংলাদেশ গণপ্রজাতন্ত্রী";".bd";"BD";"050";"BGD";"BDT";"880";"Dhaka";"BD,People's Republic of Bangladesh,Gônôprôjatôntri Bangladesh";"2";"Asia";"Southern Asia";"ben";"Bengali";"Bangladesh,Bangladesch,Bangladesh,Bangladeš,Bangladesh,バングラデシュ,Bangladesh,Бангладеш,Bangladesh";"24,90";"Bangladeshi";"MMR,IND";"147570"
"Barbados,Barbados,Barbados,Barbados";".bb";"BB";"052";"BRB";"BBD";"1246";"Bridgetown";"BB";"0";"Americas";"Caribbean";"eng";"English";"Barbados,Barbados,Barbade,Barbados,Barbados,バルバドス,Barbados,Барбадос,Barbados";"13.16666666,-59.53333333";"Barbadian";"";"430"
"Belarus,Republic of Belarus,Белару́сь,Рэспубліка Беларусь";".by";"BY";"112";"BLR";"BYR";"375";"Minsk";"BY,Bielaruś,Republic of Belarus,Белоруссия,Республика Беларусь,Belorussiya,Respublika Belarus’";"0";"Europe";"Eastern Europe";"bel";"Belarusian,Russian";"Belarws,Weißrussland,Biélorussie,Bjelorusija,Bielorussia,ベラルーシ,Wit-Rusland,Белоруссия,Bielorrusia";"53,28";"Belarusian";"LVA,LTU,POL,RUS,UKR";"207600"
"Belgium,Kingdom of Belgium,België,Koninkrijk België";".be";"BE";"056";"BEL";"EUR";"32";"Brussels";"BE,België,Belgie,Belgien,Belgique,Kingdom of Belgium,Koninkrijk België,Royaume de Belgique,Königreich Belgien";"1.5";"Europe";"Western Europe";"nld";"German,French,Dutch";"Gwlad Belg,Belgien,Belgique,Belgija,Belgio,ベルギー,België,Бельгия,Bélgica";"50.83333333,4";"Belgian";"FRA,DEU,LUX,NLD";"30528"
"Belize,Belize,Belize,Belize";".bz";"BZ";"084";"BLZ";"BZD";"501";"Belmopan";"BZ";"0";"Americas";"Central America";"eng";"English,Spanish";"Belize,Belize,Belize,Belize,Belize,ベリーズ,Belize,Белиз,Belice";"17.25,-88.75";"Belizean";"GTM,MEX";"22966"
"Benin,Republic of Benin,Bénin,République du Bénin";".bj";"BJ";"204";"BEN";"XOF";"229";"Porto-Novo";"BJ,Republic of Benin,République du Bénin";"0";"Africa";"Western Africa";"fra";"French";"Benin,Benin,Bénin,Benin,Benin,ベナン,Benin,Бенин,Benín";"9.5,2.25";"Beninese";"BFA,NER,NGA,TGO";"112622"
"Bermuda,Bermuda,Bermuda,Bermuda";".bm";"BM";"060";"BMU";"BMD";"1441";"Hamilton";"BM,The Islands of Bermuda,The Bermudas,Somers Isles";"0.5";"Americas";"Northern America";"eng";"English";"Bermiwda,Bermuda,Bermudes,Bermudi,Bermuda,バミューダ,Bermuda,Бермудские Острова,Bermudas";"32.33333333,-64.75";"Bermudian";"";"54"
"Bhutan,Kingdom of Bhutan,འབྲུག་ཡུལ་,འབྲུག་རྒྱལ་ཁབ་";".bt";"BT";"064";"BTN";"BTN,INR";"975";"Thimphu";"BT,Kingdom of Bhutan";"0";"Asia";"Southern Asia";"dzo";"Dzongkha";"Bhwtan,Bhutan,Bhoutan,Butan,Bhutan,ブータン,Bhutan,Бутан,Bután";"27.5,90.5";"Bhutanese";"CHN,IND";"38394"
"Bolivia,Plurinational State of Bolivia,Bolivia,Estado Plurinacional de Bolivia";".bo";"BO";"068";"BOL";"BOB,BOV";"591";"Sucre";"BO,Buliwya,Wuliwya,Plurinational State of Bolivia,Estado Plurinacional de Bolivia,Buliwya Mamallaqta,Wuliwya Suyu,Tetã Volívia";"0";"Americas";"South America";"spa";"Aymara,Guaraní,Quechua,Spanish";"Bolifia,Bolivien,Bolivie,Bolivija,Bolivia,ボリビア多民族国,Bolivia,Боливия,Bolivia";"-17,-65";"Bolivian";"ARG,BRA,CHL,PRY,PER";"1098581"
"Bonaire,Bonaire,Bonaire,Bonaire";".an,.nl";"BQ";"535";"BES";"USD";"5997";"Kralendijk";"BQ,Boneiru";"0";"Americas";"Caribbean";"nld";"Dutch";"Бонэйр";"12.15,-68.266667";"Dutch";"";"294"
"Bosnia and Herzegovina,Bosnia and Herzegovina,Bosna i Hercegovina,Bosna i Hercegovina";".ba";"BA";"070";"BIH";"BAM";"387";"Sarajevo";"BA,Bosnia-Herzegovina,Босна и Херцеговина";"0";"Europe";"Southern Europe";"bos";"Bosnian,Croatian,Serbian";"Bosnia a Hercegovina,Bosnien und Herzegowina,Bosnie-Herzégovine,Bosna i Hercegovina,Bosnia ed Erzegovina,ボスニア・ヘルツェゴビナ,Bosnië en Herzegovina,Босния и Герцеговина,Bosnia y Herzegovina";"44,18";"Bosnian, Herzegovinian";"HRV,MNE,SRB";"51209"
"Botswana,Republic of Botswana,Botswana,Republic of Botswana";".bw";"BW";"072";"BWA";"BWP";"267";"Gaborone";"BW,Republic of Botswana,Lefatshe la Botswana";"0";"Africa";"Southern Africa";"eng";"English,Tswana";"Botswana,Botswana,Bocvana,Botswana,ボツワナ,Botswana,Ботсвана,Botswana";"-22,24";"Motswana";"NAM,ZAF,ZMB,ZWE";"582000"
"Bouvet Island,Bouvet Island,Bouvetøya,Bouvetøya";".bv";"BV";"074";"BVT";"NOK";"";"";"BV,Bouvetøya,Bouvet-øya";"0";"";"";"nor";"Norwegian";"Bouvetinsel,Île Bouvet,Otok Bouvet,Isola Bouvet,ブーベ島,Bouveteiland,Остров Буве,Isla Bouvet";"-54.43333333,3.4";"";"";"49"
"Brazil,Federative Republic of Brazil,Brasil,República Federativa do Brasil";".br";"BR";"076";"BRA";"BRL";"55";"Brasília";"BR,Brasil,Federative Republic of Brazil,República Federativa do Brasil";"2";"Americas";"South America";"por";"Portuguese";"Brasil,Brasilien,Brésil,Brazil,Brasile,ブラジル,Brazilië,Бразилия,Brasil";"-10,-55";"Brazilian";"ARG,BOL,COL,GUF,GUY,PRY,PER,SUR,URY,VEN";"8515767"
"British Indian Ocean Territory,British Indian Ocean Territory,British Indian Ocean Territory,British Indian Ocean Territory";".io";"IO";"086";"IOT";"USD";"246";"Diego Garcia";"IO";"0";"Africa";"Eastern Africa";"eng";"English";"Tiriogaeth Brydeinig Cefnfor India,Britisches Territorium im Indischen Ozean,Territoire britannique de l'océan Indien,Britanski Indijskooceanski teritorij,Territorio britannico dell'oceano indiano,イギリス領インド洋地域,Britse Gebieden in de Indische Oceaan,Британская территория в Индийском океане,Territorio Británico del Océano Índico";"-6,71.5";"Indian";"";"60"
"British Virgin Islands,Virgin Islands,British Virgin Islands,Virgin Islands";".vg";"VG";"092";"VGB";"USD";"1284";"Road Town";"VG";"0.5";"Americas";"Caribbean";"eng";"English";"Britische Jungferninseln,Îles Vierges britanniques,Britanski Djevičanski Otoci,Isole Vergini Britanniche,イギリス領ヴァージン諸島,Britse Maagdeneilanden,Британские Виргинские острова,Islas Vírgenes del Reino Unido";"18.431383,-64.62305";"Virgin Islander";"";"151"
"Brunei,Nation of Brunei, Abode of Peace,Negara Brunei Darussalam,Nation of Brunei, Abode Damai";".bn";"BN";"096";"BRN";"BND";"673";"Bandar Seri Begawan";"BN,Nation of Brunei, the Abode of Peace";"0";"Asia";"South-Eastern Asia";"msa";"Malay";"Brunei,Brunei,Brunei,Brunej,Brunei,ブルネイ・ダルサラーム,Brunei,Бруней,Brunei";"4.5,114.66666666";"Bruneian";"MYS";"5765"
"Bulgaria,Republic of Bulgaria,България,Република България";".bg";"BG";"100";"BGR";"BGN";"359";"Sofia";"BG,Republic of Bulgaria,Република България";"0";"Europe";"Eastern Europe";"bul";"Bulgarian";"Bwlgaria,Bulgarien,Bulgarie,Bugarska,Bulgaria,ブルガリア,Bulgarije,Болгария,Bulgaria";"43,25";"Bulgarian";"GRC,MKD,ROU,SRB,TUR";"110879"
"Burkina Faso,Burkina Faso,Burkina Faso,Burkina Faso";".bf";"BF";"854";"BFA";"XOF";"226";"Ouagadougou";"BF";"0";"Africa";"Western Africa";"fra";"French";"Burkina Faso,Burkina Faso,Burkina Faso,Burkina Faso,Burkina Faso,ブルキナファソ,Burkina Faso,Буркина-Фасо,Burkina Faso";"13,-2";"Burkinabe";"BEN,CIV,GHA,MLI,NER,TGO";"272967"
"Burundi,Republic of Burundi,Burundi,République du Burundi";".bi";"BI";"108";"BDI";"BIF";"257";"Bujumbura";"BI,Republic of Burundi,Republika y'Uburundi,République du Burundi";"0";"Africa";"Eastern Africa";"run";"French,Kirundi";"Bwrwndi,Burundi,Burundi,Burundi,Burundi,ブルンジ,Burundi,Бурунди,Burundi";"-3.5,30";"Burundian";"COD,RWA,TZA";"27834"
"Cambodia,Kingdom of Cambodia,Kâmpŭchéa,ព្រះរាជាណាចក្រកម្ពុជា";".kh";"KH";"116";"KHM";"KHR";"855";"Phnom Penh";"KH,Kingdom of Cambodia";"0";"Asia";"South-Eastern Asia";"khm";"Khmer";"Cambodia,Kambodscha,Cambodge,Kambodža,Cambogia,カンボジア,Cambodja,Камбоджа,Camboya";"13,105";"Cambodian";"LAO,THA,VNM";"181035"
"Cameroon,Republic of Cameroon,Cameroun,République du Cameroun";".cm";"CM";"120";"CMR";"XAF";"237";"Yaoundé";"CM,Republic of Cameroon,République du Cameroun";"0";"Africa";"Middle Africa";"fra";"English,French";"Camerŵn,Kamerun,Cameroun,Kamerun,Camerun,カメルーン,Kameroen,Камерун,Camerún";"6,12";"Cameroonian";"CAF,TCD,COG,GNQ,GAB,NGA";"475442"
"Canada,Canada,Canada,Canada";".ca";"CA";"124";"CAN";"CAD";"1";"Ottawa";"CA";"2";"Americas";"Northern America";"eng";"English,French";"Canada,Kanada,Canada,Kanada,Canada,カナダ,Canada,Канада,Canadá";"60,-95";"Canadian";"USA";"9984670"
"Cape Verde,Republic of Cabo Verde,Cabo Verde,República de Cabo Verde";".cv";"CV";"132";"CPV";"CVE";"238";"Praia";"CV,Republic of Cabo Verde,República de Cabo Verde";"0";"Africa";"Western Africa";"por";"Portuguese";"Cape Verde,Kap Verde,Cap Vert,Zelenortska Republika,Capo Verde,カーボベルデ,Kaapverdië,Кабо-Верде,Cabo Verde";"16,-24";"Cape Verdian";"";"4033"
"Cayman Islands,Cayman Islands,Cayman Islands,Cayman Islands";".ky";"KY";"136";"CYM";"KYD";"1345";"George Town";"KY";"0.5";"Americas";"Caribbean";"eng";"English";"Ynysoedd_Cayman,Kaimaninseln,Îles Caïmans,Kajmanski otoci,Isole Cayman,ケイマン諸島,Caymaneilanden,Каймановы острова,Islas Caimán";"19.5,-80.5";"Caymanian";"";"264"
"Central African Republic,Central African Republic,Bêafrîka,Ködörösêse tî Bêafrîka";".cf";"CF";"140";"CAF";"XAF";"236";"Bangui";"CF,Central African Republic,République centrafricaine";"0";"Africa";"Middle Africa";"sag";"French,Sango";"Gweriniaeth Canolbarth Affrica,Zentralafrikanische Republik,République centrafricaine,Srednjoafrička Republika,Repubblica Centrafricana,中央アフリカ共和国,Centraal-Afrikaanse Republiek,Центральноафриканская Республика,República Centroafricana";"7,21";"Central African";"CMR,TCD,COD,COG,SSD,SDN";"622984"
"Chad,Republic of Chad,Tchad,République du Tchad";".td";"TD";"148";"TCD";"XAF";"235";"N'Djamena";"TD,Tchad,Republic of Chad,République du Tchad";"0";"Africa";"Middle Africa";"ara";"Arabic,French";"Tsiad,Tschad,Tchad,Čad,Ciad,チャド,Tsjaad,Чад,Chad";"15,19";"Chadian";"CMR,CAF,LBY,NER,NGA,SSD";"1284000"
"Chile,Republic of Chile,Chile,República de Chile";".cl";"CL";"152";"CHL";"CLF,CLP";"56";"Santiago";"CL,Republic of Chile,República de Chile";"0";"Americas";"South America";"spa";"Spanish";"Chile,Chile,Chili,Čile,Cile,チリ,Chili,Чили,Chile";"-30,-71";"Chilean";"ARG,BOL,PER";"756102"
"China,People's Republic of China,中国,中华人民共和国";".cn,.中国,.中國,.公司,.网络";"CN";"156";"CHN";"CNY";"86";"Beijing";"CN,Zhōngguó,Zhongguo,Zhonghua,People's Republic of China,中华人民共和国,Zhōnghuá Rénmín Gònghéguó";"0";"Asia";"Eastern Asia";"cmn";"Mandarin";"Tsieina,China,Chine,Kina,Cina,中国,China,Китай,China";"35,105";"Chinese";"AFG,BTN,MMR,HKG,IND,KAZ,PRK,KGZ,LAO,MAC,MNG,PAK,RUS,TJK,VNM";"9706961"
"Christmas Island,Territory of Christmas Island,Christmas Island,Territory of Christmas Island";".cx";"CX";"162";"CXR";"AUD";"61";"Flying Fish Cove";"CX,Territory of Christmas Island";"0.5";"Oceania";"Australia and New Zealand";"eng";"English";"Ynys y Nadolig,Weihnachtsinsel,Île Christmas,Božićni otok,Isola di Natale,クリスマス島,Christmaseiland,Остров Рождества,Isla de Navidad";"-10.5,105.66666666";"Christmas Island";"";"135"
"Cocos (Keeling) Islands,Territory of the Cocos (Keeling) Islands,Cocos (Keeling) Islands,Territory of the Cocos (Keeling) Islands";".cc";"CC";"166";"CCK";"AUD";"61";"West Island";"CC,Territory of the Cocos (Keeling) Islands,Keeling Islands";"0";"Oceania";"Australia and New Zealand";"eng";"English";"Ynysoedd Cocos,Kokosinseln,Îles Cocos,Kokosovi Otoci,Isole Cocos e Keeling,ココス（キーリング）諸島,Cocoseilanden,Кокосовые острова,Islas Cocos o Islas Keeling";"-12.5,96.83333333";"Cocos Islander";"";"14"
"Colombia,Republic of Colombia,Colombia,República de Colombia";".co";"CO";"170";"COL";"COP";"57";"Bogotá";"CO,Republic of Colombia,República de Colombia";"0";"Americas";"South America";"spa";"Spanish";"Colombia,Kolumbien,Colombie,Kolumbija,Colombia,コロンビア,Colombia,Колумбия,Colombia";"4,-72";"Colombian";"BRA,ECU,PAN,PER,VEN";"1141748"
"Comoros,Union of the Comoros,Komori,Udzima wa Komori";".km";"KM";"174";"COM";"KMF";"269";"Moroni";"KM,Union of the Comoros,Union des Comores,Udzima wa Komori,al-Ittiḥād al-Qumurī";"0";"Africa";"Eastern Africa";"zdj";"Arabic,French,Comorian";"Comoros,Union der Komoren,Comores,Komori,Comore,コモロ,Comoren,Коморы,Comoras";"-12.16666666,44.25";"Comoran";"";"1862"
"Republic of the Congo,Republic of the Congo,République du Congo,République du Congo";".cg";"CG";"178";"COG";"XAF";"242";"Brazzaville";"CG,Congo-Brazzaville";"0";"Africa";"Middle Africa";"fra";"French,Lingala";"Gweriniaeth y Congo,Kongo,Congo,Kongo,Congo,コンゴ共和国,Congo,Республика Конго,Congo";"-1,15";"Congolese";"AGO,CMR,CAF,COD,GAB";"342000"
"DR Congo,Democratic Republic of the Congo,RD Congo,République démocratique du Congo";".cd";"CD";"180";"COD";"CDF";"243";"Kinshasa";"CD,DR Congo,Congo-Kinshasa,DRC";"0";"Africa";"Middle Africa";"swa";"French,Kikongo,Lingala,Tshiluba,Swahili";"Gweriniaeth Ddemocrataidd Congo,Kongo (Dem. Rep.),Congo (Rép. dém.),Kongo, Demokratska Republika,Congo (Rep. Dem.),コンゴ民主共和国,Congo (DRC),Демократическая Республика Конго,Congo (Rep. Dem.)";"0,25";"Congolese";"AGO,BDI,CAF,COG,RWA,SSD,TZA,UGA,ZMB";"2344858"
"Cook Islands,Cook Islands,Cook Islands,Cook Islands";".ck";"CK";"184";"COK";"NZD";"682";"Avarua";"CK,Kūki 'Āirani";"0.5";"Oceania";"Polynesia";"eng";"English,Cook Islands Māori";"Ynysoedd Cook,Cookinseln,Îles Cook,Cookovo Otočje,Isole Cook,クック諸島,Cookeilanden,Острова Кука,Islas Cook";"-21.23333333,-159.76666666";"Cook Islander";"";"236"
"Costa Rica,Republic of Costa Rica,Costa Rica,República de Costa Rica";".cr";"CR";"188";"CRI";"CRC";"506";"San José";"CR,Republic of Costa Rica,República de Costa Rica";"0";"Americas";"Central America";"spa";"Spanish";"Costa Rica,Costa Rica,Costa Rica,Kostarika,Costa Rica,コスタリカ,Costa Rica,Коста-Рика,Costa Rica";"10,-84";"Costa Rican";"NIC,PAN";"51100"
"Croatia,Republic of Croatia,Hrvatska,Republika Hrvatska";".hr";"HR";"191";"HRV";"HRK";"385";"Zagreb";"HR,Hrvatska,Republic of Croatia,Republika Hrvatska";"0";"Europe";"Southern Europe";"hrv";"Croatian";"Croatia,Kroatien,Croatie,Hrvatska,Croazia,クロアチア,Kroatië,Хорватия,Croacia";"45.16666666,15.5";"Croatian";"BIH,HUN,MNE,SRB,SVN";"56594"
"Cuba,Republic of Cuba,Cuba,República de Cuba";".cu";"CU";"192";"CUB";"CUC,CUP";"53";"Havana";"CU,Republic of Cuba,República de Cuba";"0";"Americas";"Caribbean";"spa";"Spanish";"Ciwba,Kuba,Cuba,Kuba,Cuba,キューバ,Cuba,Куба,Cuba";"21.5,-80";"Cuban";"";"109884"
"Curaçao,Country of Curaçao,Curaçao,Land Curaçao";".cw";"CW";"531";"CUW";"ANG";"5999";"Willemstad";"CW,Curacao,Kòrsou,Country of Curaçao,Land Curaçao,Pais Kòrsou";"0";"Americas";"Caribbean";"nld";"English,Dutch,Papiamento";"Curaçao,Кюрасао";"12.116667,-68.933333";"Dutch";"";"444"
"Cyprus,Republic of Cyprus,Κύπρος,Δημοκρατία της Κύπρος";".cy";"CY";"196";"CYP";"EUR";"357";"Nicosia";"CY,Kýpros,Kıbrıs,Republic of Cyprus,Κυπριακή Δημοκρατία,Kıbrıs Cumhuriyeti";"0";"Europe";"Eastern Europe";"ell";"Greek,Turkish";"Cyprus,Zypern,Chypre,Cipar,Cipro,キプロス,Cyprus,Кипр,Chipre";"35,33";"Cypriot";"GBR";"9251"
"Czech Republic,Czech Republic,Česká republika,česká republika";".cz";"CZ";"203";"CZE";"CZK";"420";"Prague";"CZ,Česká republika,Česko";"0";"Europe";"Eastern Europe";"ces";"Czech,Slovak";"Y Weriniaeth Tsiec,Tschechische Republik,République tchèque,Češka,Repubblica Ceca,チェコ,Tsjechië,Чехия,República Checa";"49.75,15.5";"Czech";"AUT,DEU,POL,SVK";"78865"
"Denmark,Kingdom of Denmark,Danmark,Kongeriget Danmark";".dk";"DK";"208";"DNK";"DKK";"45";"Copenhagen";"DK,Danmark,Kingdom of Denmark,Kongeriget Danmark";"1.5";"Europe";"Northern Europe";"dan";"Danish";"Denmarc,Dänemark,Danemark,Danska,Danimarca,デンマーク,Denemarken,Дания,Dinamarca";"56,10";"Danish";"DEU";"43094"
"Djibouti,Republic of Djibouti,Djibouti,République de Djibouti";".dj";"DJ";"262";"DJI";"DJF";"253";"Djibouti";"DJ,Jabuuti,Gabuuti,Republic of Djibouti,République de Djibouti,Gabuutih Ummuuno,Jamhuuriyadda Jabuuti";"0";"Africa";"Eastern Africa";"ara";"Arabic,French";"Djibouti,Dschibuti,Djibouti,Džibuti,Gibuti,ジブチ,Djibouti,Джибути,Yibuti";"11.5,43";"Djibouti";"ERI,ETH,SOM";"23200"
"Dominica,Commonwealth of Dominica,Dominica,Commonwealth of Dominica";".dm";"DM";"212";"DMA";"XCD";"1767";"Roseau";"DM,Dominique,Wai‘tu kubuli,Commonwealth of Dominica";"0.5";"Americas";"Caribbean";"eng";"English";"Dominica,Dominica,Dominique,Dominika,Dominica,ドミニカ国,Dominica,Доминика,Dominica";"15.41666666,-61.33333333";"Dominican";"";"751"
"Dominican Republic,Dominican Republic,República Dominicana,República Dominicana";".do";"DO";"214";"DOM";"DOP";"1809,1829,1849";"Santo Domingo";"DO";"0";"Americas";"Caribbean";"spa";"Spanish";"Gweriniaeth_Dominica,Dominikanische Republik,République dominicaine,Dominikanska Republika,Repubblica Dominicana,ドミニカ共和国,Dominicaanse Republiek,Доминиканская Республика,República Dominicana";"19,-70.66666666";"Dominican";"HTI";"48671"
"Ecuador,Republic of Ecuador,Ecuador,República del Ecuador";".ec";"EC";"218";"ECU";"USD";"593";"Quito";"EC,Republic of Ecuador,República del Ecuador";"0";"Americas";"South America";"spa";"Spanish";"Ecwador,Ecuador,Équateur,Ekvador,Ecuador,エクアドル,Ecuador,Эквадор,Ecuador";"-2,-77.5";"Ecuadorean";"COL,PER";"276841"
"Egypt,Arab Republic of Egypt,مصر,جمهورية مصر العربية";".eg,.مصر";"EG";"818";"EGY";"EGP";"20";"Cairo";"EG,Arab Republic of Egypt";"1.5";"Africa";"Northern Africa";"ara";"Arabic";"Yr Aifft,Ägypten,Égypte,Egipat,Egitto,エジプト,Egypte,Египет,Egipto";"27,30";"Egyptian";"ISR,LBY,SDN";"1002450"
"El Salvador,Republic of El Salvador,El Salvador,República de El Salvador";".sv";"SV";"222";"SLV";"SVC,USD";"503";"San Salvador";"SV,Republic of El Salvador,República de El Salvador";"0";"Americas";"Central America";"spa";"Spanish";"El Salvador,El Salvador,Salvador,Salvador,El Salvador,エルサルバドル,El Salvador,Сальвадор,El Salvador";"13.83333333,-88.91666666";"Salvadoran";"GTM,HND";"21041"
"Equatorial Guinea,Republic of Equatorial Guinea,Guinea Ecuatorial,República de Guinea Ecuatorial";".gq";"GQ";"226";"GNQ";"XAF";"240";"Malabo";"GQ,Republic of Equatorial Guinea,República de Guinea Ecuatorial,République de Guinée équatoriale,República da Guiné Equatorial";"0";"Africa";"Middle Africa";"spa";"French,Portuguese,Spanish";"Gini Gyhydeddol,Äquatorial-Guinea,Guinée-Équatoriale,Ekvatorijalna Gvineja,Guinea Equatoriale,赤道ギニア,Equatoriaal-Guinea,Экваториальная Гвинея,Guinea Ecuatorial";"2,10";"Equatorial Guinean";"CMR,GAB";"28051"
"Eritrea,State of Eritrea,ኤርትራ,ሃገረ ኤርትራ";".er";"ER";"232";"ERI";"ERN";"291";"Asmara";"ER,State of Eritrea,ሃገረ ኤርትራ,Dawlat Iritriyá,ʾErtrā,Iritriyā";"0";"Africa";"Eastern Africa";"tir";"Arabic,English,Tigrinya";"Eritrea,Eritrea,Érythrée,Eritreja,Eritrea,エリトリア,Eritrea,Эритрея,Eritrea";"15,39";"Eritrean";"DJI,ETH,SDN";"117600"
"Estonia,Republic of Estonia,Eesti,Eesti Vabariik";".ee";"EE";"233";"EST";"EUR";"372";"Tallinn";"EE,Eesti,Republic of Estonia,Eesti Vabariik";"0";"Europe";"Northern Europe";"est";"Estonian";"Estonia,Estland,Estonie,Estonija,Estonia,エストニア,Estland,Эстония,Estonia";"59,26";"Estonian";"LVA,RUS";"45227"
"Ethiopia,Federal Democratic Republic of Ethiopia,ኢትዮጵያ,የኢትዮጵያ ፌዴራላዊ ዲሞክራሲያዊ ሪፐብሊክ";".et";"ET";"231";"ETH";"ETB";"251";"Addis Ababa";"ET,ʾĪtyōṗṗyā,Federal Democratic Republic of Ethiopia,የኢትዮጵያ ፌዴራላዊ ዲሞክራሲያዊ ሪፐብሊክ";"0";"Africa";"Eastern Africa";"amh";"Amharic";"Ethiopia,Äthiopien,Éthiopie,Etiopija,Etiopia,エチオピア,Ethiopië,Эфиопия,Etiopía";"8,38";"Ethiopian";"DJI,ERI,KEN,SOM,SSD,SDN";"1104300"
"Falkland Islands,Falkland Islands,Falkland Islands,Falkland Islands";".fk";"FK";"238";"FLK";"FKP";"500";"Stanley";"FK,Islas Malvinas";"0.5";"Americas";"South America";"eng";"English";"Falklandinseln,Îles Malouines,Falklandski Otoci,Isole Falkland o Isole Malvine,フォークランド（マルビナス）諸島,Falklandeilanden,Фолклендские острова,Islas Malvinas";"-51.75,-59";"Falkland Islander";"";"12173"
"Faroe Islands,Faroe Islands,Føroyar,Føroyar";".fo";"FO";"234";"FRO";"DKK";"298";"Tórshavn";"FO,Føroyar,Færøerne";"0.5";"Europe";"Northern Europe";"fao";"Danish,Faroese";"Färöer-Inseln,Îles Féroé,Farski Otoci,Isole Far Oer,フェロー諸島,Faeröer,Фарерские острова,Islas Faroe";"62,-7";"Faroese";"";"1393"
"Fiji,Republic of Fiji,Fiji,Republic of Fiji";".fj";"FJ";"242";"FJI";"FJD";"679";"Suva";"FJ,Viti,Republic of Fiji,Matanitu ko Viti,Fijī Gaṇarājya";"0";"Oceania";"Melanesia";"eng";"English,Fijian,Fiji Hindi";"Fidschi,Fidji,Fiđi,Figi,フィジー,Fiji,Фиджи,Fiyi";"-18,175";"Fijian";"";"18272"
"Finland,Republic of FinlandFinland,Suomi,Tasavallan FinlandFinland";".fi";"FI";"246";"FIN";"EUR";"358";"Helsinki";"FI,Suomi,Republic of Finland,Suomen tasavalta,Republiken Finland";"0.5";"Europe";"Northern Europe";"fin";"Finnish,Swedish";"Finnland,Finlande,Finska,Finlandia,フィンランド,Finland,Финляндия,Finlandia";"64,26";"Finnish";"NOR,SWE,RUS";"338424"
"France,French Republic,France,République française";".fr";"FR";"250";"FRA";"EUR";"33";"Paris";"FR,French Republic,République française";"2.5";"Europe";"Western Europe";"fra";"French";"Frankreich,France,Francuska,Francia,フランス,Frankrijk,Франция,Francia";"46,2";"French";"AND,BEL,DEU,ITA,LUX,MCO,ESP,CHE";"551695"
"French Guiana,Guiana,Guyane française,Guyanes";".gf";"GF";"254";"GUF";"EUR";"594";"Cayenne";"GF,Guiana,Guyane";"0";"Americas";"South America";"fra";"French";"Französisch Guyana,Guayane,Francuska Gvajana,Guyana francese,フランス領ギアナ,Frans-Guyana,Французская Гвиана,Guayana Francesa";"4,-53";"";"BRA,SUR";"83534"
"French Polynesia,French Polynesia,Polynésie française,Polynésie française";".pf";"PF";"258";"PYF";"XPF";"689";"Papeetē";"PF,Polynésie française,French Polynesia,Pōrīnetia Farāni";"0";"Oceania";"Polynesia";"fra";"French";"Französisch-Polynesien,Polynésie française,Francuska Polinezija,Polinesia Francese,フランス領ポリネシア,Frans-Polynesië,Французская Полинезия,Polinesia Francesa";"-15,-140";"French Polynesian";"";"4167"
"French Southern and Antarctic Lands,Territory of the French Southern and Antarctic Lands,Territoire des Terres australes et antarctiques françaises,Territoire du Sud françaises et des terres de l'Antarctique";".tf";"TF";"260";"ATF";"EUR";"";"Port-aux-Français";"TF";"0";"";"";"fra";"French";"Französische Süd- und Antarktisgebiete,Terres australes et antarctiques françaises,Francuski južni i antarktički teritoriji,Territori Francesi del Sud,フランス領南方・南極地域,Franse Gebieden in de zuidelijke Indische Oceaan,Французские Южные и Антарктические территории,Tierras Australes y Antárticas Francesas";"-49.25,69.167";"French";"";"7747"
"Gabon,Gabonese Republic,Gabon,République gabonaise";".ga";"GA";"266";"GAB";"XAF";"241";"Libreville";"GA,Gabonese Republic,République Gabonaise";"0";"Africa";"Middle Africa";"fra";"French";"Gabun,Gabon,Gabon,Gabon,ガボン,Gabon,Габон,Gabón";"-1,11.75";"Gabonese";"CMR,COG,GNQ";"267668"
"Gambia,Republic of the Gambia,Gambia,Republic of the Gambia";".gm";"GM";"270";"GMB";"GMD";"220";"Banjul";"GM,Republic of the Gambia";"0";"Africa";"Western Africa";"eng";"English";"Gambia,Gambie,Gambija,Gambia,ガンビア,Gambia,Гамбия,Gambia";"13.46666666,-16.56666666";"Gambian";"SEN";"10689"
"Georgia,Georgia,საქართველო,საქართველო";".ge";"GE";"268";"GEO";"GEL";"995";"Tbilisi";"GE,Sakartvelo";"0";"Asia";"Western Asia";"kat";"Georgian";"Georgien,Géorgie,Gruzija,Georgia,グルジア,Georgië,Грузия,Georgia";"42,43.5";"Georgian";"ARM,AZE,RUS,TUR";"69700"
"Germany,Federal Republic of Germany,Deutschland,Bundesrepublik Deutschland";".de";"DE";"276";"DEU";"EUR";"49";"Berlin";"DE,Federal Republic of Germany,Bundesrepublik Deutschland";"3";"Europe";"Western Europe";"deu";"German";"Deutschland,Allemagne,Njemačka,Germania,ドイツ,Duitsland,Германия,Alemania";"51,9";"German";"AUT,BEL,CZE,DNK,FRA,LUX,NLD,POL,CHE";"357114"
"Ghana,Republic of Ghana,Ghana,Republic of Ghana";".gh";"GH";"288";"GHA";"GHS";"233";"Accra";"GH";"0";"Africa";"Western Africa";"eng";"English";"Ghana,Ghana,Gana,Ghana,ガーナ,Ghana,Гана,Ghana";"8,-2";"Ghanaian";"BFA,CIV,TGO";"238533"
"Gibraltar,Gibraltar,Gibraltar,Gibraltar";".gi";"GI";"292";"GIB";"GIP";"350";"Gibraltar";"GI";"0.5";"Europe";"Southern Europe";"eng";"English";"Gibraltar,Gibraltar,Gibraltar,Gibilterra,ジブラルタル,Gibraltar,Гибралтар,Gibraltar";"36.13333333,-5.35";"Gibraltar";"ESP";"6"
"Greece,Hellenic Republic,Ελλάδα,Ελληνική Δημοκρατία";".gr";"GR";"300";"GRC";"EUR";"30";"Athens";"GR,Elláda,Hellenic Republic,Ελληνική Δημοκρατία";"1.5";"Europe";"Southern Europe";"ell";"Greek";"Griechenland,Grèce,Grčka,Grecia,ギリシャ,Griekenland,Греция,Grecia";"39,22";"Greek";"ALB,BGR,TUR,MKD";"131990"
"Greenland,Greenland,Kalaallit Nunaat,Kalaallit Nunaat";".gl";"GL";"304";"GRL";"DKK";"299";"Nuuk";"GL,Grønland";"0.5";"Americas";"Northern America";"kal";"Greenlandic";"Grönland,Groenland,Grenland,Groenlandia,グリーンランド,Groenland,Гренландия,Groenlandia";"72,-40";"Greenlandic";"";"2166086"
"Grenada,Grenada,Grenada,Grenada";".gd";"GD";"308";"GRD";"XCD";"1473";"St. George's";"GD";"0";"Americas";"Caribbean";"eng";"English";"Grenada,Grenade,Grenada,Grenada,グレナダ,Grenada,Гренада,Grenada";"12.11666666,-61.66666666";"Grenadian";"";"344"
"Guadeloupe,Guadeloupe,Guadeloupe,Guadeloupe";".gp";"GP";"312";"GLP";"EUR";"590";"Basse-Terre";"GP,Gwadloup";"0";"Americas";"Caribbean";"fra";"French";"Guadeloupe,Guadeloupe,Gvadalupa,Guadeloupa,グアドループ,Guadeloupe,Гваделупа,Guadalupe";"16.25,-61.583333";"Guadeloupian";"";"1628"
"Guam,Guam,Guam,Guam";".gu";"GU";"316";"GUM";"USD";"1671";"Hagåtña";"GU,Guåhån";"0";"Oceania";"Micronesia";"eng";"Chamorro,English,Spanish";"Guam,Guam,Guam,Guam,グアム,Guam,Гуам,Guam";"13.46666666,144.78333333";"Guamanian";"";"549"
"Guatemala,Republic of Guatemala,Guatemala,República de Guatemala";".gt";"GT";"320";"GTM";"GTQ";"502";"Guatemala City";"GT";"0";"Americas";"Central America";"spa";"Spanish";"Guatemala,Guatemala,Gvatemala,Guatemala,グアテマラ,Guatemala,Гватемала,Guatemala";"15.5,-90.25";"Guatemalan";"BLZ,SLV,HND,MEX";"108889"
"Guernsey,Bailiwick of Guernsey,Guernsey,Bailiwick of Guernsey";".gg";"GG";"831";"GGY";"GBP";"44";"St. Peter Port";"GG,Bailiwick of Guernsey,Bailliage de Guernesey";"0.5";"Europe";"Northern Europe";"eng";"English,French";"Guernsey,Guernesey,Guernsey,Guernsey,ガーンジー,Guernsey,Гернси,Guernsey";"49.46666666,-2.58333333";"Channel Islander";"";"78"
"Guinea,Republic of Guinea,Guinée,République de Guinée";".gn";"GN";"324";"GIN";"GNF";"224";"Conakry";"GN,Republic of Guinea,République de Guinée";"0";"Africa";"Western Africa";"fra";"French";"Guinea,Guinée,Gvineja,Guinea,ギニア,Guinee,Гвинея,Guinea";"11,-10";"Guinean";"CIV,GNB,LBR,MLI,SEN,SLE";"245857"
"Guinea-Bissau,Republic of Guinea-Bissau,Guiné-Bissau,República da Guiné-Bissau";".gw";"GW";"624";"GNB";"XOF";"245";"Bissau";"GW,Republic of Guinea-Bissau,República da Guiné-Bissau";"0";"Africa";"Western Africa";"por";"Portuguese";"Guinea-Bissau,Guinée-Bissau,Gvineja Bisau,Guinea-Bissau,ギニアビサウ,Guinee-Bissau,Гвинея-Бисау,Guinea-Bisáu";"12,-15";"Guinea-Bissauan";"GIN,SEN";"36125"
"Guyana,Co-operative Republic of Guyana,Guyana,Co-operative Republic of Guyana";".gy";"GY";"328";"GUY";"GYD";"592";"Georgetown";"GY,Co-operative Republic of Guyana";"0";"Americas";"South America";"eng";"English";"Guyana,Guyane,Gvajana,Guyana,ガイアナ,Guyana,Гайана,Guyana";"5,-59";"Guyanese";"BRA,SUR,VEN";"214969"
"Haiti,Republic of Haiti,Haïti,République d'Haïti";".ht";"HT";"332";"HTI";"HTG,USD";"509";"Port-au-Prince";"HT,Republic of Haiti,République d'Haïti,Repiblik Ayiti";"0";"Americas";"Caribbean";"fra";"French,Haitian Creole";"Haiti,Haïti,Haiti,Haiti,ハイチ,Haïti,Гаити,Haiti";"19,-72.41666666";"Haitian";"DOM";"27750"
"Heard Island and McDonald Islands,Heard Island and McDonald Islands,Heard Island and McDonald Islands,Heard Island and McDonald Islands";".hm,.aq";"HM";"334";"HMD";"AUD";"";"";"HM";"0";"";"";"eng";"English";"Heard und die McDonaldinseln,Îles Heard-et-MacDonald,Otok Heard i otočje McDonald,Isole Heard e McDonald,ハード島とマクドナルド諸島,Heard- en McDonaldeilanden,Остров Херд и острова Макдональд,Islas Heard y McDonald";"-53.1,72.51666666";"Heard and McDonald Islander";"";"412"
"Vatican City,Vatican City State,Vaticano,Stato della Città del Vaticano";".va";"VA";"336";"VAT";"EUR";"3906698,379";"Vatican City";"VA,Vatican City State,Stato della Città del Vaticano";"0.5";"Europe";"Southern Europe";"ita";"Italian,Latin";"Vatikanstadt,Cité du Vatican,Vatikan,Città del Vaticano,バチカン市国,Vaticaanstad,Ватикан,Ciudad del Vaticano";"41.9,12.45";"Italian";"ITA";"0.44"
"Honduras,Republic of Honduras,Honduras,República de Honduras";".hn";"HN";"340";"HND";"HNL";"504";"Tegucigalpa";"HN,Republic of Honduras,República de Honduras";"0";"Americas";"Central America";"spa";"Spanish";"Honduras,Honduras,Honduras,Honduras,ホンジュラス,Honduras,Гондурас,Honduras";"15,-86.5";"Honduran";"GTM,SLV,NIC";"112492"
"Hong Kong,Hong Kong Special Administrative Region of the People's Republic of China,香港,香港中国特别行政区的人民共和国";".hk,.香港";"HK";"344";"HKG";"HKD";"852";"City of Victoria";"HK";"0";"Asia";"Eastern Asia";"zho";"English,Chinese";"Hongkong,Hong Kong,Hong Kong,Hong Kong,香港,Hongkong,Гонконг,Hong Kong";"22.267,114.188";"Hong Konger";"CHN";"1104"
"Hungary,Hungary,Magyarország,Magyarország";".hu";"HU";"348";"HUN";"HUF";"36";"Budapest";"HU";"0";"Europe";"Eastern Europe";"hun";"Hungarian";"Ungarn,Hongrie,Mađarska,Ungheria,ハンガリー,Hongarije,Венгрия,Hungría";"47,20";"Hungarian";"AUT,HRV,ROU,SRB,SVK,SVN,UKR";"93028"
"Iceland,Iceland,Ísland,Ísland";".is";"IS";"352";"ISL";"ISK";"354";"Reykjavik";"IS,Island,Republic of Iceland,Lýðveldið Ísland";"0";"Europe";"Northern Europe";"isl";"Icelandic";"Island,Islande,Island,Islanda,アイスランド,IJsland,Исландия,Islandia";"65,-18";"Icelander";"";"103000"
"India,Republic of India,भारत,भारत गणराज्य";".in";"IN";"356";"IND";"INR";"91";"New Delhi";"IN,Bhārat,Republic of India,Bharat Ganrajya";"3";"Asia";"Southern Asia";"hin";"English,Hindi";"Indien,Inde,Indija,India,インド,India,Индия,India";"20,77";"Indian";"AFG,BGD,BTN,MMR,CHN,NPL,PAK,LKA";"3287590"
"Indonesia,Republic of Indonesia,Indonesia,Republik Indonesia";".id";"ID";"360";"IDN";"IDR";"62";"Jakarta";"ID,Republic of Indonesia,Republik Indonesia";"2";"Asia";"South-Eastern Asia";"ind";"Indonesian";"Indonesien,Indonésie,Indonezija,Indonesia,インドネシア,Indonesië,Индонезия,Indonesia";"-5,120";"Indonesian";"TLS,MYS,PNG";"1904569"
"Ivory Coast,Republic of Côte d'Ivoire,Côte d'Ivoire,République de Côte d'Ivoire";".ci";"CI";"384";"CIV";"XOF";"225";"Yamoussoukro";"CI,Ivory Coast,Republic of Côte d'Ivoire,République de Côte d'Ivoire";"0";"Africa";"Western Africa";"fra";"French";"Elfenbeinküste,Côte d'Ivoire,Obala Bjelokosti,Costa D'Avorio,コートジボワール,Ivoorkust,Кот-д’Ивуар,Costa de Marfil";"8,-5";"Ivorian";"BFA,GHA,GIN,LBR,MLI";"322463"
"Iran,Islamic Republic of Iran,ایران,جمهوری اسلامی ایران";".ir,ایران.";"IR";"364";"IRN";"IRR";"98";"Tehran";"IR,Islamic Republic of Iran,Jomhuri-ye Eslāmi-ye Irān";"0";"Asia";"Southern Asia";"fas";"Persian";"Iran,Iran,Iran,イラン・イスラム共和国,Iran,Иран,Iran";"32,53";"Iranian";"AFG,ARM,AZE,IRQ,PAK,TUR,TKM";"1648195"
"Iraq,Republic of Iraq,العراق,جمهورية العراق";".iq";"IQ";"368";"IRQ";"IQD";"964";"Baghdad";"IQ,Republic of Iraq,Jumhūriyyat al-‘Irāq";"0";"Asia";"Western Asia";"ara";"Arabic,Aramaic,Kurdish";"Irak,Irak,Irak,Iraq,イラク,Irak,Ирак,Irak";"33,44";"Iraqi";"IRN,JOR,KWT,SAU,SYR,TUR";"438317"
"Ireland,Republic of Ireland,Éire,Poblacht na hÉireann";".ie";"IE";"372";"IRL";"EUR";"353";"Dublin";"IE,Éire,Republic of Ireland,Poblacht na hÉireann";"1.2";"Europe";"Northern Europe";"gle";"English,Irish";"Irland,Irlande,Irska,Irlanda,アイルランド,Ierland,Ирландия,Irlanda";"53,-8";"Irish";"GBR";"70273"
"Isle of Man,Isle of Man,Isle of Man,Isle of Man";".im";"IM";"833";"IMN";"GBP";"44";"Douglas";"IM,Ellan Vannin,Mann,Mannin";"0.5";"Europe";"Northern Europe";"eng";"English,Manx";"Insel Man,Île de Man,Otok Man,Isola di Man,マン島,Isle of Man,Остров Мэн,Isla de Man";"54.25,-4.5";"Manx";"";"572"
"Israel,State of Israel,ישראל,מדינת ישראל";".il";"IL";"376";"ISR";"ILS";"972";"Jerusalem";"IL,State of Israel,Medīnat Yisrā'el";"0";"Asia";"Western Asia";"heb";"Arabic,Hebrew";"Israel,Israël,Izrael,Israele,イスラエル,Israël,Израиль,Israel";"31.47,35.13";"Israeli";"EGY,JOR,LBN,SYR";"20770"
"Italy,Italian Republic,Italia,Repubblica italiana";".it";"IT";"380";"ITA";"EUR";"39";"Rome";"IT,Italian Republic,Repubblica italiana";"2";"Europe";"Southern Europe";"ita";"Italian";"Italien,Italie,Italija,Italia,イタリア,Italië,Италия,Italia";"42.83333333,12.83333333";"Italian";"AUT,FRA,SMR,SVN,CHE,VAT";"301336"
"Jamaica,Jamaica,Jamaica,Jamaica";".jm";"JM";"388";"JAM";"JMD";"1876";"Kingston";"JM";"0";"Americas";"Caribbean";"eng";"English,Jamaican Patois";"Jamaika,Jamaïque,Jamajka,Giamaica,ジャマイカ,Jamaica,Ямайка,Jamaica";"18.25,-77.5";"Jamaican";"";"10991"
"Japan,Japan,日本,日本";".jp,.みんな";"JP";"392";"JPN";"JPY";"81";"Tokyo";"JP,Nippon,Nihon";"2.5";"Asia";"Eastern Asia";"jpn";"Japanese";"Japan,Japon,Japan,Giappone,日本,Japan,Япония,Japón";"36,138";"Japanese";"";"377930"
"Jersey,Bailiwick of Jersey,Jersey,Bailiwick of Jersey";".je";"JE";"832";"JEY";"GBP";"44";"Saint Helier";"JE,Bailiwick of Jersey,Bailliage de Jersey,Bailliage dé Jèrri";"0.5";"Europe";"Northern Europe";"eng";"English,French";"Jersey,Jersey,Jersey,Isola di Jersey,ジャージー,Jersey,Джерси,Jersey";"49.25,-2.16666666";"Channel Islander";"";"116"
"Jordan,Hashemite Kingdom of Jordan,الأردن,المملكة الأردنية الهاشمية";".jo,الاردن.";"JO";"400";"JOR";"JOD";"962";"Amman";"JO,Hashemite Kingdom of Jordan,al-Mamlakah al-Urdunīyah al-Hāshimīyah";"0";"Asia";"Western Asia";"ara";"Arabic";"Jordanien,Jordanie,Jordan,Giordania,ヨルダン,Jordanië,Иордания,Jordania";"31,36";"Jordanian";"IRQ,ISR,SAU,SYR";"89342"
"Kazakhstan,Republic of Kazakhstan,Қазақстан,Қазақстан Республикасы";".kz,.қаз";"KZ";"398";"KAZ";"KZT";"76,77";"Astana";"KZ,Qazaqstan,Казахстан,Republic of Kazakhstan,Қазақстан Республикасы,Qazaqstan Respublïkası,Республика Казахстан,Respublika Kazakhstan";"0";"Asia";"Central Asia";"kaz";"Kazakh,Russian";"Kasachstan,Kazakhstan,Kazahstan,Kazakistan,カザフスタン,Kazachstan,Казахстан,Kazajistán";"48,68";"Kazakhstani";"CHN,KGZ,RUS,TKM,UZB";"2724900"
"Kenya,Republic of Kenya,Kenya,Republic of Kenya";".ke";"KE";"404";"KEN";"KES";"254";"Nairobi";"KE,Republic of Kenya,Jamhuri ya Kenya";"0";"Africa";"Eastern Africa";"swa";"English,Swahili";"Kenia,Kenya,Kenija,Kenya,ケニア,Kenia,Кения,Kenia";"1,38";"Kenyan";"ETH,SOM,SSD,TZA,UGA";"580367"
"Kiribati,Independent and Sovereign Republic of Kiribati,Kiribati,Independent and Sovereign Republic of Kiribati";".ki";"KI";"296";"KIR";"AUD";"686";"South Tarawa";"KI,Republic of Kiribati,Ribaberiki Kiribati";"0";"Oceania";"Micronesia";"eng";"English,Gilbertese";"Kiribati,Kiribati,Kiribati,Kiribati,キリバス,Kiribati,Кирибати,Kiribati";"1.41666666,173";"I-Kiribati";"";"811"
"Kuwait,State of Kuwait,الكويت,دولة الكويت";".kw";"KW";"414";"KWT";"KWD";"965";"Kuwait City";"KW,State of Kuwait,Dawlat al-Kuwait";"0";"Asia";"Western Asia";"ara";"Arabic";"Kuwait,Koweït,Kuvajt,Kuwait,クウェート,Koeweit,Кувейт,Kuwait";"29.5,45.75";"Kuwaiti";"IRN,SAU";"17818"
"Kyrgyzstan,Kyrgyz Republic,Кыргызстан,Кыргыз Республикасы";".kg";"KG";"417";"KGZ";"KGS";"996";"Bishkek";"KG,Киргизия,Kyrgyz Republic,Кыргыз Республикасы,Kyrgyz Respublikasy";"0";"Asia";"Central Asia";"kir";"Kyrgyz,Russian";"Kirgisistan,Kirghizistan,Kirgistan,Kirghizistan,キルギス,Kirgizië,Киргизия,Kirguizistán";"41,75";"Kirghiz";"CHN,KAZ,TJK,UZB";"199951"
"Laos,Lao People's Democratic Republic,ສປປລາວ,ສາທາລະນະ ຊາທິປະໄຕ ຄົນລາວ ຂອງ";".la";"LA";"418";"LAO";"LAK";"856";"Vientiane";"LA,Lao,Lao People's Democratic Republic,Sathalanalat Paxathipatai Paxaxon Lao";"0";"Asia";"South-Eastern Asia";"lao";"Lao";"Laos,Laos,Laos,Laos,ラオス人民民主共和国,Laos,Лаос,Laos";"18,105";"Laotian";"MMR,KHM,CHN,THA,VNM";"236800"
"Latvia,Republic of Latvia,Latvija,Latvijas Republikas";".lv";"LV";"428";"LVA";"EUR";"371";"Riga";"LV,Republic of Latvia,Latvijas Republika";"0";"Europe";"Northern Europe";"lav";"Latvian";"Lettland,Lettonie,Latvija,Lettonia,ラトビア,Letland,Латвия,Letonia";"57,25";"Latvian";"BLR,EST,LTU,RUS";"64559"
"Lebanon,Lebanese Republic,لبنان,الجمهورية اللبنانية";".lb";"LB";"422";"LBN";"LBP";"961";"Beirut";"LB,Lebanese Republic,Al-Jumhūrīyah Al-Libnānīyah";"0";"Asia";"Western Asia";"ara";"Arabic,French";"Libanon,Liban,Libanon,Libano,レバノン,Libanon,Ливан,Líbano";"33.83333333,35.83333333";"Lebanese";"ISR,SYR";"10452"
"Lesotho,Kingdom of Lesotho,Lesotho,Kingdom of Lesotho";".ls";"LS";"426";"LSO";"LSL,ZAR";"266";"Maseru";"LS,Kingdom of Lesotho,Muso oa Lesotho";"0";"Africa";"Southern Africa";"sot";"English,Sotho";"Lesotho,Lesotho,Lesoto,Lesotho,レソト,Lesotho,Лесото,Lesotho";"-29.5,28.5";"Mosotho";"ZAF";"30355"
"Liberia,Republic of Liberia,Liberia,Republic of Liberia";".lr";"LR";"430";"LBR";"LRD";"231";"Monrovia";"LR,Republic of Liberia";"0";"Africa";"Western Africa";"eng";"English";"Liberia,Liberia,Liberija,Liberia,リベリア,Liberia,Либерия,Liberia";"6.5,-9.5";"Liberian";"GIN,CIV,SLE";"111369"
"Libya,State of Libya,‏ليبيا,الدولة ليبيا";".ly";"LY";"434";"LBY";"LYD";"218";"Tripoli";"LY,State of Libya,Dawlat Libya";"0";"Africa";"Northern Africa";"ara";"Arabic";"Libyen,Libye,Libija,Libia,リビア,Libië,Ливия,Libia";"25,17";"Libyan";"DZA,TCD,EGY,NER,SDN,TUN";"1759540"
"Liechtenstein,Principality of Liechtenstein,Liechtenstein,Fürstentum Liechtenstein";".li";"LI";"438";"LIE";"CHF";"423";"Vaduz";"LI,Principality of Liechtenstein,Fürstentum Liechtenstein";"0";"Europe";"Western Europe";"deu";"German";"Liechtenstein,Liechtenstein,Lihtenštajn,Liechtenstein,リヒテンシュタイン,Liechtenstein,Лихтенштейн,Liechtenstein";"47.26666666,9.53333333";"Liechtensteiner";"AUT,CHE";"160"
"Lithuania,Republic of Lithuania,Lietuva,Lietuvos Respublikos";".lt";"LT";"440";"LTU";"LTL";"370";"Vilnius";"LT,Republic of Lithuania,Lietuvos Respublika";"0";"Europe";"Northern Europe";"lit";"Lithuanian";"Litauen,Lituanie,Litva,Lituania,リトアニア,Litouwen,Литва,Lituania";"56,24";"Lithuanian";"BLR,LVA,POL,RUS";"65300"
"Luxembourg,Grand Duchy of Luxembourg,Luxembourg,Grand-Duché de Luxembourg";".lu";"LU";"442";"LUX";"EUR";"352";"Luxembourg";"LU,Grand Duchy of Luxembourg,Grand-Duché de Luxembourg,Großherzogtum Luxemburg,Groussherzogtum Lëtzebuerg";"0";"Europe";"Western Europe";"fra";"German,French,Luxembourgish";"Luxemburg,Luxembourg,Luksemburg,Lussemburgo,ルクセンブルク,Luxemburg,Люксембург,Luxemburgo";"49.75,6.16666666";"Luxembourger";"BEL,FRA,DEU";"2586"
"Macau,Macao Special Administrative Region of the People's Republic of China,澳門,澳门特别行政区中国人民共和国";".mo";"MO";"446";"MAC";"MOP";"853";"";"MO,澳门,Macao Special Administrative Region of the People's Republic of China,中華人民共和國澳門特別行政區,Região Administrativa Especial de Macau da República Popular da China";"0";"Asia";"Eastern Asia";"zho";"Portuguese,Chinese";"Macao,Macao,Makao,Macao,マカオ,Macao,Макао,Macao";"22.16666666,113.55";"Chinese";"CHN";"30"
"Macedonia,Republic of Macedonia,Македонија,Република Македонија";".mk";"MK";"807";"MKD";"MKD";"389";"Skopje";"MK,Republic of Macedonia,Република Македонија";"0";"Europe";"Southern Europe";"mkd";"Macedonian";"Mazedonien,Macédoine,Makedonija,Macedonia,マケドニア旧ユーゴスラビア共和国,Macedonië,Республика Македония,Macedonia";"41.83333333,22";"Macedonian";"ALB,BGR,GRC,KOS,SRB";"25713"
"Madagascar,Republic of Madagascar,Madagasikara,République de Madagascar";".mg";"MG";"450";"MDG";"MGA";"261";"Antananarivo";"MG,Republic of Madagascar,Repoblikan'i Madagasikara,République de Madagascar";"0";"Africa";"Eastern Africa";"fra";"French,Malagasy";"Madagaskar,Madagascar,Madagaskar,Madagascar,マダガスカル,Madagaskar,Мадагаскар,Madagascar";"-20,47";"Malagasy";"";"587041"
"Malawi,Republic of Malawi,Malaŵi,Chalo cha Malawi, Dziko la Malaŵi";".mw";"MW";"454";"MWI";"MWK";"265";"Lilongwe";"MW,Republic of Malawi";"0";"Africa";"Eastern Africa";"nya";"English,Chewa";"Malawi,Malawi,Malavi,Malawi,マラウイ,Malawi,Малави,Malawi";"-13.5,34";"Malawian";"MOZ,TZA,ZMB";"118484"
"Malaysia,Malaysia,مليسيا,مليسيا";".my";"MY";"458";"MYS";"MYR";"60";"Kuala Lumpur";"MY";"0";"Asia";"South-Eastern Asia";"msa";"English,Malay";"Malaysia,Malaisie,Malezija,Malesia,マレーシア,Maleisië,Малайзия,Malasia";"2.5,112.5";"Malaysian";"BRN,IDN,THA";"330803"
"Maldives,Republic of the Maldives,ދިވެހިރާއްޖޭގެ,ދިވެހިރާއްޖޭގެ ޖުމްހޫރިއްޔާ";".mv";"MV";"462";"MDV";"MVR";"960";"Malé";"MV,Maldive Islands,Republic of the Maldives,Dhivehi Raajjeyge Jumhooriyya";"0";"Asia";"Southern Asia";"div";"Maldivian";"Malediven,Maldives,Maldivi,Maldive,モルディブ,Maldiven,Мальдивы,Maldivas";"3.25,73";"Maldivan";"";"300"
"Mali,Republic of Mali,Mali,République du Mali";".ml";"ML";"466";"MLI";"XOF";"223";"Bamako";"ML,Republic of Mali,République du Mali";"0";"Africa";"Western Africa";"fra";"French";"Mali,Mali,Mali,Mali,マリ,Mali,Мали,Mali";"17,-4";"Malian";"DZA,BFA,GIN,CIV,MRT,NER,SEN";"1240192"
"Malta,Republic of Malta,Malta,Repubblika ta ' Malta";".mt";"MT";"470";"MLT";"EUR";"356";"Valletta";"MT,Republic of Malta,Repubblika ta' Malta";"0";"Europe";"Southern Europe";"mlt";"English,Maltese";"Malta,Malte,Malta,Malta,マルタ,Malta,Мальта,Malta";"35.83333333,14.58333333";"Maltese";"";"316"
"Marshall Islands,Republic of the Marshall Islands,M̧ajeļ,Republic of the Marshall Islands";".mh";"MH";"584";"MHL";"USD";"692";"Majuro";"MH,Republic of the Marshall Islands,Aolepān Aorōkin M̧ajeļ";"0.5";"Oceania";"Micronesia";"mah";"English,Marshallese";"Marshallinseln,Îles Marshall,Maršalovi Otoci,Isole Marshall,マーシャル諸島,Marshalleilanden,Маршалловы Острова,Islas Marshall";"9,168";"Marshallese";"";"181"
"Martinique,Martinique,Martinique,Martinique";".mq";"MQ";"474";"MTQ";"EUR";"596";"Fort-de-France";"MQ";"0";"Americas";"Caribbean";"fra";"French";"Martinique,Martinique,Martinique,Martinica,マルティニーク,Martinique,Мартиника,Martinica";"14.666667,-61";"French";"";"1128"
"Mauritania,Islamic Republic of Mauritania,موريتانيا,الجمهورية الإسلامية الموريتانية";".mr";"MR";"478";"MRT";"MRO";"222";"Nouakchott";"MR,Islamic Republic of Mauritania,al-Jumhūriyyah al-ʾIslāmiyyah al-Mūrītāniyyah";"0";"Africa";"Western Africa";"ara";"Arabic";"Mauretanien,Mauritanie,Mauritanija,Mauritania,モーリタニア,Mauritanië,Мавритания,Mauritania";"20,-12";"Mauritanian";"DZA,MLI,SEN,ESH";"1030700"
"Mauritius,Republic of Mauritius,Maurice,Republic of Mauritius";".mu";"MU";"480";"MUS";"MUR";"230";"Port Louis";"MU,Republic of Mauritius,République de Maurice";"0";"Africa";"Eastern Africa";"mfe";"English,French,Mauritian Creole";"Mauritius,Île Maurice,Mauricijus,Mauritius,モーリシャス,Mauritius,Маврикий,Mauricio";"-20.28333333,57.55";"Mauritian";"";"2040"
"Mayotte,Department of Mayotte,Mayotte,Département de Mayotte";".yt";"YT";"175";"MYT";"EUR";"262";"Mamoudzou";"YT,Department of Mayotte,Département de Mayotte";"0";"Africa";"Eastern Africa";"fra";"French";"Mayotte,Mayotte,Mayotte,Mayotte,マヨット,Mayotte,Майотта,Mayotte";"-12.83333333,45.16666666";"Mahoran";"";"374"
"Mexico,United Mexican States,México,Estados Unidos Mexicanos";".mx";"MX";"484";"MEX";"MXN";"52";"Mexico City";"MX,Mexicanos,United Mexican States,Estados Unidos Mexicanos";"1.5";"Americas";"Central America";"spa";"Spanish";"Mexiko,Mexique,Meksiko,Messico,メキシコ,Mexico,Мексика,México";"23,-102";"Mexican";"BLZ,GTM,USA";"1964375"
"Micronesia,Federated States of Micronesia,Micronesia,Federated States of Micronesia";".fm";"FM";"583";"FSM";"USD";"691";"Palikir";"FM,Federated States of Micronesia";"0";"Oceania";"Micronesia";"eng";"English";"Mikronesien,Micronésie,Mikronezija,Micronesia,ミクロネシア連邦,Micronesië,Федеративные Штаты Микронезии,Micronesia";"6.91666666,158.25";"Micronesian";"";"702"
"Moldova,Republic of Moldova,Moldova,Republica Moldova";".md";"MD";"498";"MDA";"MDL";"373";"Chișinău";"MD,Republic of Moldova,Republica Moldova";"0";"Europe";"Eastern Europe";"ron";"Moldavian";"Moldawie,Moldavie,Moldova,Moldavia,モルドバ共和国,Moldavië,Молдавия,Moldavia";"47,29";"Moldovan";"ROU,UKR";"33846"
"Monaco,Principality of Monaco,Monaco,Principauté de Monaco";".mc";"MC";"492";"MCO";"EUR";"377";"Monaco";"MC,Principality of Monaco,Principauté de Monaco";"0";"Europe";"Western Europe";"fra";"French";"Monaco,Monaco,Monako,Principato di Monaco,モナコ,Monaco,Монако,Mónaco";"43.73333333,7.4";"Monegasque";"FRA";"2.02"
"Mongolia,Mongolia,Монгол улс,Монгол улс";".mn";"MN";"496";"MNG";"MNT";"976";"Ulan Bator";"MN";"0";"Asia";"Eastern Asia";"mon";"Mongolian";"Mongolei,Mongolie,Mongolija,Mongolia,モンゴル,Mongolië,Монголия,Mongolia";"46,105";"Mongolian";"CHN,RUS";"1564110"
"Montenegro,Montenegro,Црна Гора,Црна Гора";".me";"ME";"499";"MNE";"EUR";"382";"Podgorica";"ME,Crna Gora";"0";"Europe";"Southern Europe";"srp";"Montenegrin";"Montenegro,Monténégro,Crna Gora,Montenegro,モンテネグロ,Montenegro,Черногория,Montenegro";"42.5,19.3";"Montenegrin";"ALB,BIH,HRV,KOS,SRB";"13812"
"Montserrat,Montserrat,Montserrat,Montserrat";".ms";"MS";"500";"MSR";"XCD";"1664";"Plymouth";"MS";"0.5";"Americas";"Caribbean";"eng";"English";"Montserrat,Montserrat,Montserrat,Montserrat,モントセラト,Montserrat,Монтсеррат,Montserrat";"16.75,-62.2";"Montserratian";"";"102"
"Morocco,Kingdom of Morocco,المغرب,المملكة المغربية";".ma,المغرب.";"MA";"504";"MAR";"MAD";"212";"Rabat";"MA,Kingdom of Morocco,Al-Mamlakah al-Maġribiyah";"0";"Africa";"Northern Africa";"ara";"Arabic,Berber";"Marokko,Maroc,Maroko,Marocco,モロッコ,Marokko,Марокко,Marruecos";"32,-5";"Moroccan";"DZA,ESH,ESP";"446550"
"Mozambique,Republic of Mozambique,Moçambique,República de Moçambique";".mz";"MZ";"508";"MOZ";"MZN";"258";"Maputo";"MZ,Republic of Mozambique,República de Moçambique";"0";"Africa";"Eastern Africa";"por";"Portuguese";"Mosambik,Mozambique,Mozambik,Mozambico,モザンビーク,Mozambique,Мозамбик,Mozambique";"-18.25,35";"Mozambican";"MWI,ZAF,SWZ,TZA,ZMB,ZWE";"801590"
"Myanmar,Republic of the Union of Myanmar,မြန်မာ,ပြည်ထောင်စု သမ္မတ မြန်မာနိုင်ငံတော်";".mm";"MM";"104";"MMR";"MMK";"95";"Naypyidaw";"MM,Burma,Republic of the Union of Myanmar,Pyidaunzu Thanmăda Myăma Nainngandaw";"0";"Asia";"South-Eastern Asia";"mya";"Burmese";"Myanmar,Myanmar,Mijanmar,Birmania,ミャンマー,Myanmar,Мьянма,Myanmar";"22,98";"Myanmarian";"BGD,CHN,IND,LAO,THA";"676578"
"Namibia,Republic of Namibia,Namibia,Republic of Namibia";".na";"NA";"516";"NAM";"NAD,ZAR";"264";"Windhoek";"NA,Namibië,Republic of Namibia";"0";"Africa";"Southern Africa";"afr";"Afrikaans,German,English,Herero,Khoekhoe,Kwangali,Lozi,Ndonga,Tswana";"Namibia,Namibie,Namibija,Namibia,ナミビア,Namibië,Намибия,Namibia";"-22,17";"Namibian";"AGO,BWA,ZAF,ZMB";"825615"
"Nauru,Republic of Nauru,Nauru,Republic of Nauru";".nr";"NR";"520";"NRU";"AUD";"674";"Yaren";"NR,Naoero,Pleasant Island,Republic of Nauru,Ripublik Naoero";"0.5";"Oceania";"Micronesia";"nau";"English,Nauru";"Nauru,Nauru,Nauru,Nauru,ナウル,Nauru,Науру,Nauru";"-0.53333333,166.91666666";"Nauruan";"";"21"
"Nepal,Federal Democratic Republic of Nepal,नपल,नेपाल संघीय लोकतान्त्रिक गणतन्त्र";".np";"NP";"524";"NPL";"NPR";"977";"Kathmandu";"NP,Federal Democratic Republic of Nepal,Loktāntrik Ganatantra Nepāl";"0";"Asia";"Southern Asia";"nep";"Nepali";"Népal,Népal,Nepal,Nepal,ネパール,Nepal,Непал,Nepal";"28,84";"Nepalese";"CHN,IND";"147181"
"Netherlands,Netherlands,Nederland,Nederland";".nl";"NL";"528";"NLD";"EUR";"31";"Amsterdam";"NL,Holland,Nederland";"1.5";"Europe";"Western Europe";"nld";"Dutch";"Niederlande,Pays-Bas,Nizozemska,Paesi Bassi,オランダ,Nederland,Нидерланды,Países Bajos";"52.5,5.75";"Dutch";"BEL,DEU";"41850"
"New Caledonia,New Caledonia,Nouvelle-Calédonie,Nouvelle-Calédonie";".nc";"NC";"540";"NCL";"XPF";"687";"Nouméa";"NC";"0.5";"Oceania";"Melanesia";"fra";"French";"Neukaledonien,Nouvelle-Calédonie,Nova Kaledonija,Nuova Caledonia,ニューカレドニア,Nieuw-Caledonië,Новая Каледония,Nueva Caledonia";"-21.5,165.5";"New Caledonian";"";"18575"
"New Zealand,New Zealand,New Zealand,New Zealand";".nz";"NZ";"554";"NZL";"NZD";"64";"Wellington";"NZ,Aotearoa";"1.0";"Oceania";"Australia and New Zealand";"eng";"English,Māori,New Zealand Sign Language";"Neuseeland,Nouvelle-Zélande,Novi Zeland,Nuova Zelanda,ニュージーランド,Nieuw-Zeeland,Новая Зеландия,Nueva Zelanda";"-41,174";"New Zealander";"";"270467"
"Nicaragua,Republic of Nicaragua,Nicaragua,República de Nicaragua";".ni";"NI";"558";"NIC";"NIO";"505";"Managua";"NI,Republic of Nicaragua,República de Nicaragua";"0";"Americas";"Central America";"spa";"Spanish";"Nicaragua,Nicaragua,Nikaragva,Nicaragua,ニカラグア,Nicaragua,Никарагуа,Nicaragua";"13,-85";"Nicaraguan";"CRI,HND";"130373"
"Niger,Republic of Niger,Niger,République du Niger";".ne";"NE";"562";"NER";"XOF";"227";"Niamey";"NE,Nijar,Republic of Niger,République du Niger";"0";"Africa";"Western Africa";"fra";"French";"Niger,Niger,Niger,Niger,ニジェール,Niger,Нигер,Níger";"16,8";"Nigerien";"DZA,BEN,BFA,TCD,LBY,MLI,NGA";"1267000"
"Nigeria,Federal Republic of Nigeria,Nigeria,Federal Republic of Nigeria";".ng";"NG";"566";"NGA";"NGN";"234";"Abuja";"NG,Nijeriya,Naíjíríà,Federal Republic of Nigeria";"1.5";"Africa";"Western Africa";"eng";"English";"Nigeria,Nigéria,Nigerija,Nigeria,ナイジェリア,Nigeria,Нигерия,Nigeria";"10,8";"Nigerian";"BEN,CMR,TCD,NER";"923768"
"Niue,Niue,Niuē,Niuē";".nu";"NU";"570";"NIU";"NZD";"683";"Alofi";"NU";"0.5";"Oceania";"Polynesia";"niu";"English,Niuean";"Niue,Niue,Niue,Niue,ニウエ,Niue,Ниуэ,Niue";"-19.03333333,-169.86666666";"Niuean";"";"260"
"Norfolk Island,Territory of Norfolk Island,Norfolk Island,Territory of Norfolk Island";".nf";"NF";"574";"NFK";"AUD";"672";"Kingston";"NF,Territory of Norfolk Island,Teratri of Norf'k Ailen";"0.5";"Oceania";"Australia and New Zealand";"eng";"English,Norfuk";"Norfolkinsel,Île de Norfolk,Otok Norfolk,Isola Norfolk,ノーフォーク島,Norfolkeiland,Норфолк,Isla de Norfolk";"-29.03333333,167.95";"Norfolk Islander";"";"36"
"North Korea,Democratic People's Republic of Korea,북한,조선 민주주의 인민 공화국";".kp";"KP";"408";"PRK";"KPW";"850";"Pyongyang";"KP,Democratic People's Republic of Korea,조선민주주의인민공화국,Chosŏn Minjujuŭi Inmin Konghwaguk";"0";"Asia";"Eastern Asia";"kor";"Korean";"Nordkorea,Corée du Nord,Sjeverna Koreja,Corea del Nord,朝鮮民主主義人民共和国,Noord-Korea,Северная Корея,Corea del Norte";"40,127";"North Korean";"CHN,KOR,RUS";"120538"
"Northern Mariana Islands,Commonwealth of the Northern Mariana Islands,Northern Mariana Islands,Commonwealth of the Northern Mariana Islands";".mp";"MP";"580";"MNP";"USD";"1670";"Saipan";"MP,Commonwealth of the Northern Mariana Islands,Sankattan Siha Na Islas Mariånas";"0.5";"Oceania";"Micronesia";"eng";"Carolinian,Chamorro,English";"Nördliche Marianen,Îles Mariannes du Nord,Sjevernomarijanski otoci,Isole Marianne Settentrionali,北マリアナ諸島,Noordelijke Marianeneilanden,Северные Марианские острова,Islas Marianas del Norte";"15.2,145.75";"American";"";"464"
"Norway,Kingdom of Norway,Norge,Kongeriket Norge";".no";"NO";"578";"NOR";"NOK";"47";"Oslo";"NO,Norge,Noreg,Kingdom of Norway,Kongeriket Norge,Kongeriket Noreg";"1.5";"Europe";"Northern Europe";"nor";"Nynorsk,Bokmål,Norwegian";"Norwegen,Norvège,Norveška,Norvegia,ノルウェー,Noorwegen,Норвегия,Noruega";"62,10";"Norwegian";"FIN,SWE,RUS";"323802"
"Oman,Sultanate of Oman,عمان,سلطنة عمان";".om";"OM";"512";"OMN";"OMR";"968";"Muscat";"OM,Sultanate of Oman,Salṭanat ʻUmān";"0";"Asia";"Western Asia";"ara";"Arabic";"Oman,Oman,Oman,oman,オマーン,Oman,Оман,Omán";"21,57";"Omani";"SAU,ARE,YEM";"309500"
"Pakistan,Islamic Republic of Pakistan,Pakistan,Islamic Republic of Pakistan";".pk";"PK";"586";"PAK";"PKR";"92";"Islamabad";"PK,Pākistān,Islamic Republic of Pakistan,Islāmī Jumhūriya'eh Pākistān";"2";"Asia";"Southern Asia";"eng";"English,Urdu";"Pakistan,Pakistan,Pakistan,Pakistan,パキスタン,Pakistan,Пакистан,Pakistán";"30,70";"Pakistani";"AFG,CHN,IND,IRN";"881912"
"Palau,Republic of Palau,Palau,Republic of Palau";".pw";"PW";"585";"PLW";"USD";"680";"Ngerulmud";"PW,Republic of Palau,Beluu er a Belau";"0.5";"Oceania";"Micronesia";"eng";"English,Palauan";"Palau,Palaos,Palau,Palau,パラオ,Palau,Палау,Palau";"7.5,134.5";"Palauan";"";"459"
"Palestine,State of Palestine,فلسطين,دولة فلسطين";".ps,فلسطين.";"PS";"275";"PSE";"ILS";"970";"Ramallah";"PS,State of Palestine,Dawlat Filasṭin";"0";"Asia";"Western Asia";"ara";"Arabic";"Palästina,Palestine,Palestina,Palestina,パレスチナ,Palestijnse gebieden,Палестина,Palestina";"31.9,35.2";"Palestinian";"ISR,EGY,JOR";"6220"
"Panama,Republic of Panama,Panamá,República de Panamá";".pa";"PA";"591";"PAN";"PAB,USD";"507";"Panama City";"PA,Republic of Panama,República de Panamá";"0";"Americas";"Central America";"spa";"Spanish";"Panama,Panama,Panama,Panama,パナマ,Panama,Панама,Panamá";"9,-80";"Panamanian";"COL,CRI";"75417"
"Papua New Guinea,Independent State of Papua New Guinea,Papua Niugini,Independent State of Papua New Guinea";".pg";"PG";"598";"PNG";"PGK";"675";"Port Moresby";"PG,Independent State of Papua New Guinea,Independen Stet bilong Papua Niugini";"0";"Oceania";"Melanesia";"hmo";"English,Hiri Motu,Tok Pisin";"Papua-Neuguinea,Papouasie-Nouvelle-Guinée,Papua Nova Gvineja,Papua Nuova Guinea,パプアニューギニア,Papoea-Nieuw-Guinea,Папуа — Новая Гвинея,Papúa Nueva Guinea";"-6,147";"Papua New Guinean";"IDN";"462840"
"Paraguay,Republic of Paraguay,Paraguay,República de Paraguay";".py";"PY";"600";"PRY";"PYG";"595";"Asunción";"PY,Republic of Paraguay,República del Paraguay,Tetã Paraguái";"0";"Americas";"South America";"spa";"Guaraní,Spanish";"Paraguay,Paraguay,Paragvaj,Paraguay,パラグアイ,Paraguay,Парагвай,Paraguay";"-23,-58";"Paraguayan";"ARG,BOL,BRA";"406752"
"Peru,Republic of Peru,Perú,República del Perú";".pe";"PE";"604";"PER";"PEN";"51";"Lima";"PE,Republic of Peru, República del Perú";"0";"Americas";"South America";"spa";"Aymara,Quechua,Spanish";"Peru,Pérou,Peru,Perù,ペルー,Peru,Перу,Perú";"-10,-76";"Peruvian";"BOL,BRA,CHL,COL,ECU";"1285216"
"Philippines,Republic of the Philippines,Pilipinas,Republic of the Philippines";".ph";"PH";"608";"PHL";"PHP";"63";"Manila";"PH,Republic of the Philippines,Repúblika ng Pilipinas";"1.5";"Asia";"South-Eastern Asia";"fil";"English,Filipino";"Philippinen,Philippines,Filipini,Filippine,フィリピン,Filipijnen,Филиппины,Filipinas";"13,122";"Filipino";"";"342353"
"Pitcairn Islands,Pitcairn Group of Islands,Pitcairn Islands,Pitcairn Group of Islands";".pn";"PN";"612";"PCN";"NZD";"64";"Adamstown";"PN,Pitcairn Henderson Ducie and Oeno Islands";"0.5";"Oceania";"Polynesia";"eng";"English";"Pitcairn,Îles Pitcairn,Pitcairnovo otočje,Isole Pitcairn,ピトケアン,Pitcairneilanden,Острова Питкэрн,Islas Pitcairn";"-25.06666666,-130.1";"Pitcairn Islander";"";"47"
"Poland,Republic of Poland,Polska,Rzeczpospolita Polska";".pl";"PL";"616";"POL";"PLN";"48";"Warsaw";"PL,Republic of Poland,Rzeczpospolita Polska";"1.25";"Europe";"Eastern Europe";"pol";"Polish";"Polen,Pologne,Poljska,Polonia,ポーランド,Polen,Польша,Polonia";"52,20";"Polish";"BLR,CZE,DEU,LTU,RUS,SVK,UKR";"312679"
"Portugal,Portuguese Republic,Portugal,República português";".pt";"PT";"620";"PRT";"EUR";"351";"Lisbon";"PT,Portuguesa,Portuguese Republic,República Portuguesa";"1.5";"Europe";"Southern Europe";"por";"Portuguese";"Portugal,Portugal,Portugal,Portogallo,ポルトガル,Portugal,Португалия,Portugal";"39.5,-8";"Portuguese";"ESP";"92090"
"Puerto Rico,Commonwealth of Puerto Rico,Puerto Rico,Estado Libre Asociado de Puerto Rico";".pr";"PR";"630";"PRI";"USD";"1787,1939";"San Juan";"PR,Commonwealth of Puerto Rico,Estado Libre Asociado de Puerto Rico";"0";"Americas";"Caribbean";"spa";"English,Spanish";"Puerto Rico,Porto Rico,Portoriko,Porto Rico,プエルトリコ,Puerto Rico,Пуэрто-Рико,Puerto Rico";"18.25,-66.5";"Puerto Rican";"";"8870"
"Qatar,State of Qatar,قطر,دولة قطر";".qa,قطر.";"QA";"634";"QAT";"QAR";"974";"Doha";"QA,State of Qatar,Dawlat Qaṭar";"0";"Asia";"Western Asia";"ara";"Arabic";"Katar,Qatar,Katar,Qatar,カタール,Qatar,Катар,Catar";"25.5,51.25";"Qatari";"SAU";"11586"
"Kosovo,Republic of Kosovo,Kosova,Republika e Kosovës";"";"XK";"780";"KOS";"EUR";"377,381,386";"Pristina";"XK,Република Косово";"0";"Europe";"Eastern Europe";"sqi";"Albanian,Serbian";"Kosovo,Республика Косово,Kosovo";"42.666667,21.166667";"Kosovar";"ALB,MKD,MNE,SRB";"10908"
"Réunion,Réunion Island,La Réunion,Ile de la Réunion";".re";"RE";"638";"REU";"EUR";"262";"Saint-Denis";"RE,Reunion";"0";"Africa";"Eastern Africa";"fra";"French";"Réunion,Réunion,Réunion,Riunione,レユニオン,Réunion,Реюньон,Reunión";"-21.15,55.5";"French";"";"2511"
"Romania,Romania,România,România";".ro";"RO";"642";"ROU";"RON";"40";"Bucharest";"RO,Rumania,Roumania,România";"0";"Europe";"Eastern Europe";"ron";"Romanian";"Rumänien,Roumanie,Rumunjska,Romania,ルーマニア,Roemenië,Румыния,Rumania";"46,25";"Romanian";"BGR,HUN,MDA,SRB,UKR";"238391"
"Russia,Russian Federation,Россия,Русская Федерация";".ru,.su,.рф";"RU";"643";"RUS";"RUB";"7";"Moscow";"RU,Rossiya,Russian Federation,Российская Федерация,Rossiyskaya Federatsiya";"2.5";"Europe";"Eastern Europe";"rus";"Russian";"Russland,Russie,Rusija,Russia,ロシア連邦,Rusland,Россия,Rusia";"60,100";"Russian";"AZE,BLR,CHN,EST,FIN,GEO,KAZ,PRK,LVA,LTU,MNG,NOR,POL,UKR";"17098242"
"Rwanda,Republic of Rwanda,Rwanda,Repubulika y'u Rwanda";".rw";"RW";"646";"RWA";"RWF";"250";"Kigali";"RW,Republic of Rwanda,Repubulika y'u Rwanda,République du Rwanda";"0";"Africa";"Eastern Africa";"kin";"English,French,Kinyarwanda";"Ruanda,Rwanda,Ruanda,Ruanda,ルワンダ,Rwanda,Руанда,Ruanda";"-2,30";"Rwandan";"BDI,COD,TZA,UGA";"26338"
"Saint Barthélemy,Collectivity of Saint BarthélemySaint Barthélemy,Saint-Barthélemy,Collectivité de Saint Barthélemy BarthélemySaint";".bl";"BL";"652";"BLM";"EUR";"590";"Gustavia";"BL,St. Barthelemy,Collectivity of Saint Barthélemy,Collectivité de Saint-Barthélemy";"0";"Americas";"Caribbean";"fra";"French";"Saint-Barthélemy,Saint-Barthélemy,Saint Barthélemy,Antille Francesi,サン・バルテルミー,Saint Barthélemy,Сен-Бартелеми,San Bartolomé";"18.5,-63.41666666";"Saint Barthélemy Islander";"";"21"
"Saint Helena, Ascension and Tristan da Cunha,Saint Helena, Ascension and Tristan da Cunha,Saint Helena, Ascension and Tristan da Cunha,Saint Helena, Ascension and Tristan da Cunha";".sh";"SH";"654";"SHN";"SHP";"290";"Jamestown";"SH";"0";"Africa";"Western Africa";"eng";"English";"Sankt Helena,Sainte-Hélène,Sveta Helena,Sant'Elena,セントヘレナ・アセンションおよびトリスタンダクーニャ,Sint-Helena,Остров Святой Елены,Santa Helena";"-15.95,-5.7";"Saint Helenian";"";"397"
"Saint Kitts and Nevis,Federation of Saint Christopher and Nevisa,Saint Kitts and Nevis,Federation of Saint Christopher and Nevisa";".kn";"KN";"659";"KNA";"XCD";"1869";"Basseterre";"KN,Federation of Saint Christopher and Nevis";"0";"Americas";"Caribbean";"eng";"English";"Saint Christopher und Nevis,Saint-Christophe-et-Niévès,Sveti Kristof i Nevis,Saint Kitts e Nevis,セントクリストファー・ネイビス,Saint Kitts en Nevis,Сент-Китс и Невис,San Cristóbal y Nieves";"17.33333333,-62.75";"Kittitian or Nevisian";"";"261"
"Saint Lucia,Saint Lucia,Saint Lucia,Saint Lucia";".lc";"LC";"662";"LCA";"XCD";"1758";"Castries";"LC";"0";"Americas";"Caribbean";"eng";"English";"Saint Lucia,Saint-Lucie,Sveta Lucija,Santa Lucia,セントルシア,Saint Lucia,Сент-Люсия,Santa Lucía";"13.88333333,-60.96666666";"Saint Lucian";"";"616"
"Saint Martin,Saint Pierre and Miquelon,Saint-Martin,Saint-Pierre-et-Miquelon";".fr,.gp";"MF";"663";"MAF";"EUR";"590";"Marigot";"MF,Collectivity of Saint Martin,Collectivité de Saint-Martin";"0";"Americas";"Caribbean";"fra";"French";"Saint Martin,Saint-Martin,Sveti Martin,Saint Martin,サン・マルタン（フランス領）,Saint-Martin,Сен-Мартен,Saint Martin";"18.08333333,-63.95";"Saint Martin Islander";"SXM";"53"
"Saint Pierre and Miquelon,Saint-Pierre-et-Miquelon,Saint-Pierre-et-Miquelon,Collectivité territoriale de Saint-Pierre-et-Miquelon";".pm";"PM";"666";"SPM";"EUR";"508";"Saint-Pierre";"PM,Collectivité territoriale de Saint-Pierre-et-Miquelon";"0";"Americas";"Northern America";"fra";"French";"Saint-Pierre und Miquelon,Saint-Pierre-et-Miquelon,Sveti Petar i Mikelon,Saint-Pierre e Miquelon,サンピエール島・ミクロン島,Saint Pierre en Miquelon,Сен-Пьер и Микелон,San Pedro y Miquelón";"46.83333333,-56.33333333";"French";"";"242"
"Saint Vincent and the Grenadines,Saint Vincent and the Grenadines,Saint Vincent and the Grenadines,Saint Vincent and the Grenadines";".vc";"VC";"670";"VCT";"XCD";"1784";"Kingstown";"VC";"0";"Americas";"Caribbean";"eng";"English";"Saint Vincent und die Grenadinen,Saint-Vincent-et-les-Grenadines,Sveti Vincent i Grenadini,Saint Vincent e Grenadine,セントビンセントおよびグレナディーン諸島,Saint Vincent en de Grenadines,Сент-Винсент и Гренадины,San Vicente y Granadinas";"13.25,-61.2";"Saint Vincentian";"";"389"
"Samoa,Independent State of Samoa,Sāmoa,Malo Saʻoloto Tutoʻatasi o Sāmoa";".ws";"WS";"882";"WSM";"WST";"685";"Apia";"WS,Independent State of Samoa,Malo Saʻoloto Tutoʻatasi o Sāmoa";"0";"Oceania";"Polynesia";"smo";"English,Samoan";"Samoa,Samoa,Samoa,Samoa,サモア,Samoa,Самоа,Samoa";"-13.58333333,-172.33333333";"Samoan";"";"2842"
"San Marino,Most Serene Republic of San Marino,San Marino,Serenissima Repubblica di San Marino";".sm";"SM";"674";"SMR";"EUR";"378";"City of San Marino";"SM,Republic of San Marino,Repubblica di San Marino";"0";"Europe";"Southern Europe";"ita";"Italian";"San Marino,Saint-Marin,San Marino,San Marino,サンマリノ,San Marino,Сан-Марино,San Marino";"43.76666666,12.41666666";"Sammarinese";"ITA";"61"
"São Tomé and Príncipe,Democratic Republic of São Tomé and Príncipe,São Tomé e Príncipe,República Democrática do São Tomé e Príncipe";".st";"ST";"678";"STP";"STD";"239";"São Tomé";"ST,Democratic Republic of São Tomé and Príncipe,República Democrática de São Tomé e Príncipe";"0";"Africa";"Middle Africa";"por";"Portuguese";"São Tomé und Príncipe,Sao Tomé-et-Principe,Sveti Toma i Princip,São Tomé e Príncipe,サントメ・プリンシペ,Sao Tomé en Principe,Сан-Томе и Принсипи,Santo Tomé y Príncipe";"1,7";"Sao Tomean";"";"964"
"Saudi Arabia,Kingdom of Saudi Arabia,العربية السعودية,المملكة العربية السعودية";".sa,.السعودية";"SA";"682";"SAU";"SAR";"966";"Riyadh";"Saudi,SA,Kingdom of Saudi Arabia,Al-Mamlakah al-‘Arabiyyah as-Su‘ūdiyyah";"0";"Asia";"Western Asia";"ara";"Arabic";"Saudi-Arabien,Arabie Saoudite,Saudijska Arabija,Arabia Saudita,サウジアラビア,Saoedi-Arabië,Саудовская Аравия,Arabia Saudí";"25,45";"Saudi Arabian";"IRQ,JOR,KWT,OMN,QAT,ARE,YEM";"2149690"
"Senegal,Republic of Senegal,Sénégal,République du Sénégal";".sn";"SN";"686";"SEN";"XOF";"221";"Dakar";"SN,Republic of Senegal,République du Sénégal";"0";"Africa";"Western Africa";"fra";"French";"Senegal,Sénégal,Senegal,Senegal,セネガル,Senegal,Сенегал,Senegal";"14,-14";"Senegalese";"GMB,GIN,GNB,MLI,MRT";"196722"
"Serbia,Republic of Serbia,Србија,Република Србија";".rs,.срб";"RS";"688";"SRB";"RSD";"381";"Belgrade";"RS,Srbija,Republic of Serbia,Република Србија,Republika Srbija";"0";"Europe";"Southern Europe";"srp";"Serbian";"Serbien,Serbie,Srbija,Serbia,セルビア,Servië,Сербия,Serbia";"44,21";"Serbian";"BIH,BGR,HRV,HUN,KOS,MKD,MNE,ROU";"88361"
"Seychelles,Republic of Seychelles,Seychelles,République des Seychelles";".sc";"SC";"690";"SYC";"SCR";"248";"Victoria";"SC,Republic of Seychelles,Repiblik Sesel,République des Seychelles";"0.5";"Africa";"Eastern Africa";"fra";"Seychellois Creole,English,French";"Seychellen,Seychelles,Sejšeli,Seychelles,セーシェル,Seychellen,Сейшельские Острова,Seychelles";"-4.58333333,55.66666666";"Seychellois";"";"452"
"Sierra Leone,Republic of Sierra Leone,Sierra Leone,Republic of Sierra Leone";".sl";"SL";"694";"SLE";"SLL";"232";"Freetown";"SL,Republic of Sierra Leone";"0";"Africa";"Western Africa";"eng";"English";"Sierra Leone,Sierra Leone,Sijera Leone,Sierra Leone,シエラレオネ,Sierra Leone,Сьерра-Леоне,Sierra Leone";"8.5,-11.5";"Sierra Leonean";"GIN,LBR";"71740"
"Singapore,Republic of Singapore,Singapore,Republic of Singapore";".sg,.新加坡,.சிங்கப்பூர்";"SG";"702";"SGP";"SGD";"65";"Singapore";"SG,Singapura,Republik Singapura,新加坡共和国";"0";"Asia";"South-Eastern Asia";"eng";"Mandarin,English,Malay,Tamil";"Singapur,Singapour,Singapur,Singapore,シンガポール,Singapore,Сингапур,Singapur";"1.36666666,103.8";"Singaporean";"";"710"
"Sint Maarten,Sint Maarten,Sint Maarten,Sint Maarten";".sx";"SX";"534";"SXM";"ANG";"1721";"Philipsburg";"SX";"0";"Americas";"Caribbean";"nld";"English,French,Dutch";"Sint Maarten,Saint-Martin,Sint Maarten,シント・マールテン,Sint Maarten,Синт-Мартен,Sint Maarten";"18.033333,-63.05";"St. Maartener";"MAF";"34"
"Slovakia,Slovak Republic,Slovensko,slovenská republika";".sk";"SK";"703";"SVK";"EUR";"421";"Bratislava";"SK,Slovak Republic,Slovenská republika";"0";"Europe";"Eastern Europe";"slk";"Slovak";"Slowakei,Slovaquie,Slovačka,Slovacchia,スロバキア,Slowakije,Словакия,República Eslovaca";"48.66666666,19.5";"Slovak";"AUT,CZE,HUN,POL,UKR";"49037"
"Slovenia,Republic of Slovenia,Slovenija,Republika Slovenija";".si";"SI";"705";"SVN";"EUR";"386";"Ljubljana";"SI,Republic of Slovenia,Republika Slovenija";"0";"Europe";"Southern Europe";"slv";"Slovene";"Slowenien,Slovénie,Slovenija,Slovenia,スロベニア,Slovenië,Словения,Eslovenia";"46.11666666,14.81666666";"Slovene";"AUT,HRV,ITA,HUN";"20273"
"Solomon Islands,Solomon Islands,Solomon Islands,Solomon Islands";".sb";"SB";"090";"SLB";"SDB";"677";"Honiara";"SB";"0";"Oceania";"Melanesia";"eng";"English";"Salomonen,Îles Salomon,Solomonski Otoci,Isole Salomone,ソロモン諸島,Salomonseilanden,Соломоновы Острова,Islas Salomón";"-8,159";"Solomon Islander";"";"28896"
"Somalia,Federal Republic of Somalia,Soomaaliya,Jamhuuriyadda Federaalka Soomaaliya";".so";"SO";"706";"SOM";"SOS";"252";"Mogadishu";"SO,aṣ-Ṣūmāl,Federal Republic of Somalia,Jamhuuriyadda Federaalka Soomaaliya,Jumhūriyyat aṣ-Ṣūmāl al-Fiderāliyya";"0";"Africa";"Eastern Africa";"som";"Arabic,Somali";"Somalia,Somalie,Somalija,Somalia,ソマリア,Somalië,Сомали,Somalia";"10,49";"Somali";"DJI,ETH,KEN";"637657"
"South Africa,Republic of South Africa,South Africa,Republiek van Suid-Afrika";".za";"ZA";"710";"ZAF";"ZAR";"27";"Pretoria";"ZA,RSA,Suid-Afrika,Republic of South Africa";"0";"Africa";"Southern Africa";"afr";"Afrikaans,English,Southern Ndebele,Northern Sotho,Sotho,Swazi,Tswana,Tsonga,Venda,Xhosa,Zulu";"Republik Südafrika,Afrique du Sud,Južnoafrička Republika,Sud Africa,南アフリカ,Zuid-Afrika,Южно-Африканская Республика,República de Sudáfrica";"-29,24";"South African";"BWA,LSO,MOZ,NAM,SWZ,ZWE";"1221037"
"South Georgia,South Georgia and the South Sandwich Islands,South Georgia,South Georgia and the South Sandwich Islands";".gs";"GS";"239";"SGS";"GBP";"500";"King Edward Point";"GS,South Georgia and the South Sandwich Islands";"0";"Americas";"South America";"eng";"English";"Südgeorgien und die Südlichen Sandwichinseln,Géorgie du Sud-et-les Îles Sandwich du Sud,Južna Georgija i otočje Južni Sandwich,Georgia del Sud e Isole Sandwich Meridionali,サウスジョージア・サウスサンドウィッチ諸島,Zuid-Georgia en Zuidelijke Sandwicheilanden,Южная Георгия и Южные Сандвичевы острова,Islas Georgias del Sur y Sandwich del Sur";"-54.5,-37";"South Georgian South Sandwich Islander";"";"3903"
"South Korea,Republic of Korea,대한민국,한국";".kr,.한국";"KR";"410";"KOR";"KRW";"82";"Seoul";"KR,Republic of Korea";"1.5";"Asia";"Eastern Asia";"kor";"Korean";"Südkorea,Corée du Sud,Južna Koreja,Corea del Sud,大韓民国,Zuid-Korea,Южная Корея,Corea del Sur";"37,127.5";"South Korean";"PRK";"100210"
"South Sudan,Republic of South SudanSouth Sudan,South Sudan,Republic of South SudanSouth Sudan";".ss";"SS";"728";"SSD";"SSP";"211";"Juba";"SS";"0";"Africa";"Middle Africa";"eng";"English";"Südsudan,Soudan du Sud,Južni Sudan,Sudan del sud,南スーダン,Zuid-Soedan,Южный Судан,Sudán del Sur";"7,30";"South Sudanese";"CAF,COD,ETH,KEN,SDN,UGA";"619745"
"Spain,Kingdom of Spain,España,Reino de España";".es";"ES";"724";"ESP";"EUR";"34";"Madrid";"ES,Kingdom of Spain,Reino de España";"2";"Europe";"Southern Europe";"spa";"Catalan,Basque,Galician,Occitan,Spanish";"Spanien,Espagne,Španjolska,Spagna,スペイン,Spanje,Испания,España";"40,-4";"Spanish";"AND,FRA,GIB,PRT,MAR";"505992"
"Sri Lanka,Democratic Socialist Republic of Sri Lanka,ශ්‍රී ලංකාව,ශ්‍රී ලංකා ප්‍රජාතාන්ත්‍රික සමාජවාදී ජනරජය";".lk,.இலங்கை,.ලංකා";"LK";"144";"LKA";"LKR";"94";"Colombo";"LK,ilaṅkai,Democratic Socialist Republic of Sri Lanka";"0";"Asia";"Southern Asia";"sin";"Sinhala,Tamil";"Sri Lanka,Sri Lanka,Šri Lanka,Sri Lanka,スリランカ,Sri Lanka,Шри-Ланка,Sri Lanka";"7,81";"Sri Lankan";"IND";"65610"
"Sudan,Republic of the Sudan,السودان,جمهورية السودان";".sd";"SD";"729";"SDN";"SDG";"249";"Khartoum";"SD,Republic of the Sudan,Jumhūrīyat as-Sūdān";"0";"Africa";"Northern Africa";"ara";"Arabic,English";"Sudan,Soudan,Sudan,Sudan,スーダン,Soedan,Судан,Sudán";"15,30";"Sudanese";"CAF,TCD,EGY,ERI,ETH,LBY,SSD";"1886068"
"Suriname,Republic of Suriname,Suriname,Republiek Suriname";".sr";"SR";"740";"SUR";"SRD";"597";"Paramaribo";"SR,Sarnam,Sranangron,Republic of Suriname,Republiek Suriname";"0";"Americas";"South America";"nld";"Dutch";"Suriname,Surinam,Surinam,Suriname,スリナム,Suriname,Суринам,Surinam";"4,-56";"Surinamer";"BRA,GUF,GUY";"163820"
"Svalbard and Jan Mayen,Svalbard og Jan Mayen,Svalbard og Jan Mayen,Svalbard og Jan Mayen";".sj";"SJ";"744";"SJM";"NOK";"4779";"Longyearbyen";"SJ,Svalbard and Jan Mayen Islands";"0.5";"Europe";"Northern Europe";"nor";"Norwegian";"Svalbard und Jan Mayen,Svalbard et Jan Mayen,Svalbard i Jan Mayen,Svalbard e Jan Mayen,スヴァールバル諸島およびヤンマイエン島,Svalbard en Jan Mayen,Шпицберген и Ян-Майен,Islas Svalbard y Jan Mayen";"78,20";"Norwegian";"";"-1"
"Swaziland,Kingdom of Swaziland,Swaziland,Kingdom of Swaziland";".sz";"SZ";"748";"SWZ";"SZL";"268";"Lobamba";"SZ,weSwatini,Swatini,Ngwane,Kingdom of Swaziland,Umbuso waseSwatini";"0";"Africa";"Southern Africa";"ssw";"English,Swazi";"Swasiland,Swaziland,Svazi,Swaziland,スワジランド,Swaziland,Свазиленд,Suazilandia";"-26.5,31.5";"Swazi";"MOZ,ZAF";"17364"
"Sweden,Kingdom of Sweden,Sverige,Konungariket Sverige";".se";"SE";"752";"SWE";"SEK";"46";"Stockholm";"SE,Kingdom of Sweden,Konungariket Sverige";"1.5";"Europe";"Northern Europe";"swe";"Swedish";"Schweden,Suède,Švedska,Svezia,スウェーデン,Zweden,Швеция,Suecia";"62,15";"Swedish";"FIN,NOR";"450295"
"Switzerland,Swiss Confederation,Schweiz,Schweizerische Eidgenossenschaft";".ch";"CH";"756";"CHE";"CHE,CHF,CHW";"41";"Bern";"CH,Swiss Confederation,Schweiz,Suisse,Svizzera,Svizra";"1.5";"Europe";"Western Europe";"deu";"German,French,Italian,Romansh";"Schweiz,Suisse,Švicarska,Svizzera,スイス,Zwitserland,Швейцария,Suiza";"47,8";"Swiss";"AUT,FRA,ITA,LIE,DEU";"41284"
"Syria,Syrian Arab Republic,سوريا,الجمهورية العربية السورية";".sy,سوريا.";"SY";"760";"SYR";"SYP";"963";"Damascus";"SY,Syrian Arab Republic,Al-Jumhūrīyah Al-ʻArabīyah As-Sūrīyah";"0";"Asia";"Western Asia";"ara";"Arabic";"Syrien,Syrie,Sirija,Siria,シリア・アラブ共和国,Syrië,Сирия,Siria";"35,38";"Syrian";"IRQ,ISR,JOR,LBN,TUR";"185180"
"Taiwan,Republic of China,臺灣,中华民国";".tw,.台湾,.台灣";"TW";"158";"TWN";"TWD";"886";"Taipei";"TW,Táiwān,Republic of China,中華民國,Zhōnghuá Mínguó";"0";"Asia";"Eastern Asia";"cmn";"Mandarin";"Taiwan,Taïwan,Tajvan,Taiwan,台湾（台湾省/中華民国）,Taiwan,Тайвань,Taiwán";"23.5,121";"Taiwanese";"";"36193"
"Tajikistan,Republic of Tajikistan,Тоҷикистон,Ҷумҳурии Тоҷикистон";".tj";"TJ";"762";"TJK";"TJS";"992";"Dushanbe";"TJ,Toçikiston,Republic of Tajikistan,Ҷумҳурии Тоҷикистон,Çumhuriyi Toçikiston";"0";"Asia";"Central Asia";"tgk";"Russian,Tajik";"Tadschikistan,Tadjikistan,Tađikistan,Tagikistan,タジキスタン,Tadzjikistan,Таджикистан,Tayikistán";"39,71";"Tadzhik";"AFG,CHN,KGZ,UZB";"143100"
"Tanzania,United Republic of Tanzania,Tanzania,Jamhuri ya Muungano wa Tanzania";".tz";"TZ";"834";"TZA";"TZS";"255";"Dodoma";"TZ,United Republic of Tanzania,Jamhuri ya Muungano wa Tanzania";"0";"Africa";"Eastern Africa";"swa";"English,Swahili";"Tansania,Tanzanie,Tanzanija,Tanzania,タンザニア,Tanzania,Танзания,Tanzania";"-6,35";"Tanzanian";"BDI,COD,KEN,MWI,MOZ,RWA,UGA,ZMB";"945087"
"Thailand,Kingdom of Thailand,ประเทศไทย,ราชอาณาจักรไทย";".th,.ไทย";"TH";"764";"THA";"THB";"66";"Bangkok";"TH,Prathet,Thai,Kingdom of Thailand,ราชอาณาจักรไทย,Ratcha Anachak Thai";"0";"Asia";"South-Eastern Asia";"tha";"Thai";"Thailand,Thaïlande,Tajland,Tailandia,タイ,Thailand,Таиланд,Tailandia";"15,100";"Thai";"MMR,KHM,LAO,MYS";"513120"
"Timor-Leste,Democratic Republic of Timor-Leste,Timor-Leste,República Democrática de Timor-Leste";".tl";"TL";"626";"TLS";"USD";"670";"Dili";"TL,East Timor,Democratic Republic of Timor-Leste,República Democrática de Timor-Leste,Repúblika Demokrátika Timór-Leste";"0";"Asia";"South-Eastern Asia";"por";"Portuguese,Tetum";"Timor-Leste,Timor oriental,Istočni Timor,Timor Est,東ティモール,Oost-Timor,Восточный Тимор,Timor Oriental";"-8.83333333,125.91666666";"East Timorese";"IDN";"14874"
"Togo,Togolese Republic,Togo,République togolaise";".tg";"TG";"768";"TGO";"XOF";"228";"Lomé";"TG,Togolese,Togolese Republic,République Togolaise";"0";"Africa";"Western Africa";"fra";"French";"Togo,Togo,Togo,Togo,トーゴ,Togo,Того,Togo";"8,1.16666666";"Togolese";"BEN,BFA,GHA";"56785"
"Tokelau,Tokelau,Tokelau,Tokelau";".tk";"TK";"772";"TKL";"NZD";"690";"Fakaofo";"TK";"0.5";"Oceania";"Polynesia";"tkl";"English,Samoan,Tokelauan";"Tokelau,Tokelau,Tokelau,Isole Tokelau,トケラウ,Tokelau,Токелау,Islas Tokelau";"-9,-172";"Tokelauan";"";"12"
"Tonga,Kingdom of Tonga,Tonga,Kingdom of Tonga";".to";"TO";"776";"TON";"TOP";"676";"Nuku'alofa";"TO";"0";"Oceania";"Polynesia";"ton";"English,Tongan";"Tonga,Tonga,Tonga,Tonga,トンガ,Tonga,Тонга,Tonga";"-20,-175";"Tongan";"";"747"
"Trinidad and Tobago,Republic of Trinidad and Tobago,Trinidad and Tobago,Republic of Trinidad and Tobago";".tt";"TT";"780";"TTO";"TTD";"1868";"Port of Spain";"TT,Republic of Trinidad and Tobago";"0";"Americas";"Caribbean";"eng";"English";"Trinidad und Tobago,Trinité et Tobago,Trinidad i Tobago,Trinidad e Tobago,トリニダード・トバゴ,Trinidad en Tobago,Тринидад и Тобаго,Trinidad y Tobago";"11,-61";"Trinidadian";"";"5130"
"Tunisia,Tunisian Republic,تونس,الجمهورية التونسية";".tn";"TN";"788";"TUN";"TND";"216";"Tunis";"TN,Republic of Tunisia,al-Jumhūriyyah at-Tūnisiyyah";"0";"Africa";"Northern Africa";"ara";"Arabic";"Tunesien,Tunisie,Tunis,Tunisia,チュニジア,Tunesië,Тунис,Túnez";"34,9";"Tunisian";"DZA,LBY";"163610"
"Turkey,Republic of Turkey,Türkiye,Türkiye Cumhuriyeti";".tr";"TR";"792";"TUR";"TRY";"90";"Ankara";"TR,Turkiye,Republic of Turkey,Türkiye Cumhuriyeti";"0";"Asia";"Western Asia";"tur";"Turkish";"Türkei,Turquie,Turska,Turchia,トルコ,Turkije,Турция,Turquía";"39,35";"Turkish";"ARM,AZE,BGR,GEO,GRC,IRN,IRQ,SYR";"783562"
"Turkmenistan,Turkmenistan,Türkmenistan,Türkmenistan";".tm";"TM";"795";"TKM";"TMT";"993";"Ashgabat";"TM";"0";"Asia";"Central Asia";"tuk";"Russian,Turkmen";"Turkmenistan,Turkménistan,Turkmenistan,Turkmenistan,トルクメニスタン,Turkmenistan,Туркмения,Turkmenistán";"40,60";"Turkmen";"AFG,IRN,KAZ,UZB";"488100"
"Turks and Caicos Islands,Turks and Caicos Islands,Turks and Caicos Islands,Turks and Caicos Islands";".tc";"TC";"796";"TCA";"USD";"1649";"Cockburn Town";"TC";"0.5";"Americas";"Caribbean";"eng";"English";"Turks- und Caicosinseln,Îles Turques-et-Caïques,Otoci Turks i Caicos,Isole Turks e Caicos,タークス・カイコス諸島,Turks- en Caicoseilanden,Теркс и Кайкос,Islas Turks y Caicos";"21.75,-71.58333333";"Turks and Caicos Islander";"";"948"
"Tuvalu,Tuvalu,Tuvalu,Tuvalu";".tv";"TV";"798";"TUV";"AUD";"688";"Funafuti";"TV";"0.5";"Oceania";"Polynesia";"tvl";"English,Tuvaluan";"Tuvalu,Tuvalu,Tuvalu,Tuvalu,ツバル,Tuvalu,Тувалу,Tuvalu";"-8,178";"Tuvaluan";"";"26"
"Uganda,Republic of Uganda,Uganda,Republic of Uganda";".ug";"UG";"800";"UGA";"UGX";"256";"Kampala";"UG,Republic of Uganda,Jamhuri ya Uganda";"0";"Africa";"Eastern Africa";"swa";"English,Swahili";"Uganda,Uganda,Uganda,Uganda,ウガンダ,Oeganda,Уганда,Uganda";"1,32";"Ugandan";"COD,KEN,RWA,SSD,TZA";"241550"
"Ukraine,Ukraine,Україна,Україна";".ua,.укр";"UA";"804";"UKR";"UAH";"380";"Kiev";"UA,Ukrayina";"0";"Europe";"Eastern Europe";"ukr";"Ukrainian";"Ukraine,Ukraine,Ukrajina,Ucraina,ウクライナ,Oekraïne,Украина,Ucrania";"49,32";"Ukrainian";"BLR,HUN,MDA,POL,ROU,RUS,SVK";"603500"
"United Arab Emirates,United Arab Emirates,دولة الإمارات العربية المتحدة,الإمارات العربية المتحدة";".ae,امارات.";"AE";"784";"ARE";"AED";"971";"Abu Dhabi";"AE,UAE,Emirates";"0";"Asia";"Western Asia";"ara";"Arabic";"Vereinigte Arabische Emirate,Émirats arabes unis,Ujedinjeni Arapski Emirati,Emirati Arabi Uniti,アラブ首長国連邦,Verenigde Arabische Emiraten,Объединённые Арабские Эмираты,Emiratos Árabes Unidos";"24,54";"Emirati";"OMN,SAU";"83600"
"United Kingdom,United Kingdom of Great Britain and Northern Ireland,United Kingdom,United Kingdom of Great Britain and Northern Ireland";".uk";"GB";"826";"GBR";"GBP";"44";"London";"GB,UK,Great Britain";"2.5";"Europe";"Northern Europe";"eng";"English";"Vereinigtes Königreich,Royaume-Uni,Ujedinjeno Kraljevstvo,Regno Unito,イギリス,Verenigd Koninkrijk,Великобритания,Reino Unido";"54,-2";"British";"IRL";"242900"
"United States,United States of America,United States,United States of America";".us";"US";"840";"USA";"USD,USN,USS";"1";"Washington D.C.";"US,USA,United States of America";"3.5";"Americas";"Northern America";"eng";"English";"Vereinigte Staaten von Amerika,États-Unis,Sjedinjene Američke Države,Stati Uniti D'America,アメリカ合衆国,Verenigde Staten,Соединённые Штаты Америки,Estados Unidos";"38,-97";"American";"CAN,MEX";"9372610"
"United States Minor Outlying Islands,United States Minor Outlying Islands,United States Minor Outlying Islands,United States Minor Outlying Islands";".us";"UM";"581";"UMI";"USD";"";"";"UM";"0";"Americas";"Northern America";"eng";"English";"Kleinere Inselbesitzungen der Vereinigten Staaten,Îles mineures éloignées des États-Unis,Mali udaljeni otoci SAD-a,Isole minori esterne degli Stati Uniti d'America,合衆国領有小離島,Kleine afgelegen eilanden van de Verenigde Staten,Внешние малые острова США,Islas Ultramarinas Menores de Estados Unidos";"";"American";"";"34.2"
"United States Virgin Islands,Virgin Islands of the United States,United States Virgin Islands,Virgin Islands of the United States";".vi";"VI";"850";"VIR";"USD";"1340";"Charlotte Amalie";"VI";"0.5";"Americas";"Caribbean";"eng";"English";"Amerikanische Jungferninseln,Îles Vierges des États-Unis,Američki Djevičanski Otoci,Isole Vergini americane,アメリカ領ヴァージン諸島,Amerikaanse Maagdeneilanden,Виргинские Острова,Islas Vírgenes de los Estados Unidos";"18.35,-64.933333";"Virgin Islander";"";"347"
"Uruguay,Oriental Republic of Uruguay,Uruguay,República Oriental del Uruguay";".uy";"UY";"858";"URY";"UYI,UYU";"598";"Montevideo";"UY,Oriental Republic of Uruguay,República Oriental del Uruguay";"0";"Americas";"South America";"spa";"Spanish";"Uruguay,Uruguay,Urugvaj,Uruguay,ウルグアイ,Uruguay,Уругвай,Uruguay";"-33,-56";"Uruguayan";"ARG,BRA";"181034"
"Uzbekistan,Republic of Uzbekistan,O‘zbekiston,O'zbekiston Respublikasi";".uz";"UZ";"860";"UZB";"UZS";"998";"Tashkent";"UZ,Republic of Uzbekistan,O‘zbekiston Respublikasi,Ўзбекистон Республикаси";"0";"Asia";"Central Asia";"uzb";"Russian,Uzbek";"Usbekistan,Ouzbékistan,Uzbekistan,Uzbekistan,ウズベキスタン,Oezbekistan,Узбекистан,Uzbekistán";"41,64";"Uzbekistani";"AFG,KAZ,KGZ,TJK,TKM";"447400"
"Vanuatu,Republic of Vanuatu,Vanuatu,Ripablik blong Vanuatu";".vu";"VU";"548";"VUT";"VUV";"678";"Port Vila";"VU,Republic of Vanuatu,Ripablik blong Vanuatu,République de Vanuatu";"0";"Oceania";"Melanesia";"bis";"Bislama,English,French";"Vanuatu,Vanuatu,Vanuatu,Vanuatu,バヌアツ,Vanuatu,Вануату,Vanuatu";"-16,167";"Ni-Vanuatu";"";"12189"
"Venezuela,Bolivarian Republic of Venezuela,Venezuela,República Bolivariana de Venezuela";".ve";"VE";"862";"VEN";"VEF";"58";"Caracas";"VE,Bolivarian Republic of Venezuela,República Bolivariana de Venezuela";"0";"Americas";"South America";"spa";"Spanish";"Venezuela,Venezuela,Venezuela,Venezuela,ベネズエラ・ボリバル共和国,Venezuela,Венесуэла,Venezuela";"8,-66";"Venezuelan";"BRA,COL,GUY";"916445"
"Vietnam,Socialist Republic of Vietnam,Việt Nam,Cộng hòa xã hội chủ nghĩa Việt Nam";".vn";"VN";"704";"VNM";"VND";"84";"Hanoi";"VN,Socialist Republic of Vietnam,Cộng hòa Xã hội chủ nghĩa Việt Nam";"1.5";"Asia";"South-Eastern Asia";"vie";"Vietnamese";"Vietnam,Viêt Nam,Vijetnam,Vietnam,ベトナム,Vietnam,Вьетнам,Vietnam";"16.16666666,107.83333333";"Vietnamese";"KHM,CHN,LAO";"331212"
"Wallis and Futuna,Territory of the Wallis and Futuna Islands,Wallis et Futuna,Territoire des îles Wallis et Futuna";".wf";"WF";"876";"WLF";"XPF";"681";"Mata-Utu";"WF,Territory of the Wallis and Futuna Islands,Territoire des îles Wallis et Futuna";"0.5";"Oceania";"Polynesia";"fra";"French";"Wallis und Futuna,Wallis-et-Futuna,Wallis i Fortuna,Wallis e Futuna,ウォリス・フツナ,Wallis en Futuna,Уоллис и Футуна,Wallis y Futuna";"-13.3,-176.2";"Wallis and Futuna Islander";"";"142"
"Western Sahara,Western Sahara,الصحراء الغربية,Sáhara Occidental";".eh";"EH";"732";"ESH";"MAD,DZD,MRO";"212";"El Aaiún";"EH,Taneẓroft Tutrimt";"0";"Africa";"Northern Africa";"ber";"Berber,Hassaniya,Spanish";"Westsahara,Sahara Occidental,Zapadna Sahara,Sahara Occidentale,西サハラ,Westelijke Sahara,Западная Сахара,Sahara Occidental";"24.5,-13";"Sahrawi";"DZA,MRT,MAR";"266000"
"Yemen,Republic of Yemen,اليَمَن,الجمهورية اليمنية";".ye";"YE";"887";"YEM";"YER";"967";"Sana'a";"YE,Yemeni Republic,al-Jumhūriyyah al-Yamaniyyah";"0";"Asia";"Western Asia";"ara";"Arabic";"Jemen,Yémen,Jemen,Yemen,イエメン,Jemen,Йемен,Yemen";"15,48";"Yemeni";"OMN,SAU";"527968"
"Zambia,Republic of Zambia,Zambia,Republic of Zambia";".zm";"ZM";"894";"ZMB";"ZMK";"260";"Lusaka";"ZM,Republic of Zambia";"0";"Africa";"Eastern Africa";"eng";"English";"Sambia,Zambie,Zambija,Zambia,ザンビア,Zambia,Замбия,Zambia";"-15,30";"Zambian";"AGO,BWA,COD,MWI,MOZ,NAM,TZA,ZWE";"752612"
"Zimbabwe,Republic of Zimbabwe,Zimbabwe,Republic of Zimbabwe";".zw";"ZW";"716";"ZWE";"ZWL";"263";"Harare";"ZW,Republic of Zimbabwe";"0";"Africa";"Eastern Africa";"nya";"Chibarwe,English,Kalanga,Khoisan,Ndau,Northern Ndebele,Chewa,Shona,Sotho,Tonga,Tswana,Tsonga,Venda,Xhosa,Zimbabwean Sign Language";"Simbabwe,Zimbabwe,Zimbabve,Zimbabwe,ジンバブエ,Zimbabwe,Зимбабве,Zimbabue";"-20,30";"Zimbabwean";"BWA,MOZ,ZAF,ZMB";"390757"
